RunTime,ExecutableName
2026-05-01 11:05:33,147.0.7727.138_CHROME_INSTALL
2026-05-01 11:05:35,\VOLUME{01dcd95ccfce9a9e-fccfd489}\USERS\D3VUCCI\DOWNLOADS\7Z2601-X64.EXE
2026-05-01 12:23:42,\VOLUME{01dcd95ccfce9a9e-fccfd489}\PROGRAM FILES\7-ZIP\7ZG.EXE
2026-05-01 12:12:29,\VOLUME{01dcd95ccfce9a9e-fccfd489}\PROGRAM FILES\7-ZIP\7ZG.EXE
2026-05-01 11:42:17,\VOLUME{01dcd95ccfce9a9e-fccfd489}\PROGRAM FILES\7-ZIP\7ZG.EXE
2026-05-01 11:19:09,\VOLUME{01dcd95ccfce9a9e-fccfd489}\PROGRAM FILES\7-ZIP\7ZG.EXE
2026-05-01 12:15:47,\VOLUME{01dcd95ccfce9a9e-fccfd489}\WINDOWS\SYSTEM32\APPLICATIONFRAMEHOST.EXE
2026-05-01 10:55:38,\VOLUME{01dcd95ccfce9a9e-fccfd489}\WINDOWS\SYSTEM32\APPLICATIONFRAMEHOST.EXE
2026-05-01 10:59:58,\VOLUME{01dcd95ccfce9a9e-fccfd489}\WINDOWS\SYSTEM32\BACKGROUNDTASKHOST.EXE
2026-05-01 10:59:58,\VOLUME{01dcd95ccfce9a9e-fccfd489}\WINDOWS\SYSTEM32\BACKGROUNDTASKHOST.EXE
2026-05-01 10:59:47,\VOLUME{01dcd95ccfce9a9e-fccfd489}\WINDOWS\SYSTEM32\BACKGROUNDTASKHOST.EXE
2026-05-01 10:59:59,\VOLUME{01dcd95ccfce9a9e-fccfd489}\WINDOWS\SYSTEM32\BACKGROUNDTASKHOST.EXE
2026-05-01 10:59:57,\VOLUME{01dcd95ccfce9a9e-fccfd489}\WINDOWS\SYSTEM32\BACKGROUNDTASKHOST.EXE
2026-05-01 11:07:14,\VOLUME{01dcd95ccfce9a9e-fccfd489}\WINDOWS\SYSTEM32\BACKGROUNDTRANSFERHOST.EXE
2026-05-01 11:07:14,\VOLUME{01dcd95ccfce9a9e-fccfd489}\WINDOWS\SYSTEM32\BACKGROUNDTRANSFERHOST.EXE
2026-05-01 11:07:13,\VOLUME{01dcd95ccfce9a9e-fccfd489}\WINDOWS\SYSTEM32\BACKGROUNDTRANSFERHOST.EXE
2026-05-01 11:07:12,\VOLUME{01dcd95ccfce9a9e-fccfd489}\WINDOWS\SYSTEM32\BACKGROUNDTRANSFERHOST.EXE
2026-05-01 12:33:27,\VOLUME{01dcd95ccfce9a9e-fccfd489}\WINDOWS\SYSTEM32\BDEUISRV.EXE
2026-05-01 11:27:41,\VOLUME{01dcd95ccfce9a9e-fccfd489}\WINDOWS\SYSTEM32\BDEUISRV.EXE
2026-05-01 10:52:05,\VOLUME{01dcd95ccfce9a9e-fccfd489}\WINDOWS\SYSTEM32\BDEUISRV.EXE
2026-05-01 12:08:53,\VOLUME{01dcd95ccfce9a9e-fccfd489}\USERS\D3VUCCI\DESKTOP\CHEST_STAGE1.EXE
2026-05-01 11:42:03,\VOLUME{01dcd95ccfce9a9e-fccfd489}\USERS\D3VUCCI\DESKTOP\CHEST_STAGE1.EXE
2026-05-01 12:20:52,\VOLUME{01dcd95ccfce9a9e-fccfd489}\PROGRAM FILES\GOOGLE\CHROME\APPLICATION\CHROME.EXE
2026-05-01 12:18:55,\VOLUME{01dcd95ccfce9a9e-fccfd489}\PROGRAM FILES\GOOGLE\CHROME\APPLICATION\CHROME.EXE
2026-05-01 12:15:30,\VOLUME{01dcd95ccfce9a9e-fccfd489}\PROGRAM FILES\GOOGLE\CHROME\APPLICATION\CHROME.EXE
2026-05-01 11:05:37,\VOLUME{01dcd95ccfce9a9e-fccfd489}\PROGRAM FILES\GOOGLE\CHROME\APPLICATION\CHROME.EXE
2026-05-01 12:18:56,\VOLUME{01dcd95ccfce9a9e-fccfd489}\PROGRAM FILES\GOOGLE\CHROME\APPLICATION\CHROME.EXE
2026-05-01 12:18:55,\VOLUME{01dcd95ccfce9a9e-fccfd489}\PROGRAM FILES\GOOGLE\CHROME\APPLICATION\CHROME.EXE
2026-05-01 12:19:01,\VOLUME{01dcd95ccfce9a9e-fccfd489}\PROGRAM FILES\GOOGLE\CHROME\APPLICATION\CHROME.EXE
2026-05-01 12:15:31,\VOLUME{01dcd95ccfce9a9e-fccfd489}\PROGRAM FILES\GOOGLE\CHROME\APPLICATION\CHROME.EXE
2026-05-01 11:05:52,\VOLUME{01dcd95ccfce9a9e-fccfd489}\PROGRAM FILES\GOOGLE\CHROME\APPLICATION\CHROME.EXE
2026-05-01 11:05:51,\VOLUME{01dcd95ccfce9a9e-fccfd489}\PROGRAM FILES\GOOGLE\CHROME\APPLICATION\CHROME.EXE
2026-05-01 11:05:50,\VOLUME{01dcd95ccfce9a9e-fccfd489}\PROGRAM FILES\GOOGLE\CHROME\APPLICATION\CHROME.EXE
2026-05-01 11:05:51,\VOLUME{01dcd95ccfce9a9e-fccfd489}\PROGRAM FILES\GOOGLE\CHROME\APPLICATION\CHROME.EXE
2026-05-01 12:20:52,\VOLUME{01dcd95ccfce9a9e-fccfd489}\PROGRAM FILES\GOOGLE\CHROME\APPLICATION\CHROME.EXE
2026-05-01 12:18:55,\VOLUME{01dcd95ccfce9a9e-fccfd489}\PROGRAM FILES\GOOGLE\CHROME\APPLICATION\CHROME.EXE
2026-05-01 12:15:30,\VOLUME{01dcd95ccfce9a9e-fccfd489}\PROGRAM FILES\GOOGLE\CHROME\APPLICATION\CHROME.EXE
2026-05-01 11:05:39,\VOLUME{01dcd95ccfce9a9e-fccfd489}\PROGRAM FILES\GOOGLE\CHROME\APPLICATION\CHROME.EXE
2026-05-01 12:20:52,\VOLUME{01dcd95ccfce9a9e-fccfd489}\PROGRAM FILES\GOOGLE\CHROME\APPLICATION\CHROME.EXE
2026-05-01 12:18:55,\VOLUME{01dcd95ccfce9a9e-fccfd489}\PROGRAM FILES\GOOGLE\CHROME\APPLICATION\CHROME.EXE
2026-05-01 12:15:30,\VOLUME{01dcd95ccfce9a9e-fccfd489}\PROGRAM FILES\GOOGLE\CHROME\APPLICATION\CHROME.EXE
2026-05-01 11:05:37,\VOLUME{01dcd95ccfce9a9e-fccfd489}\PROGRAM FILES\GOOGLE\CHROME\APPLICATION\CHROME.EXE
2026-05-01 11:05:47,\VOLUME{01dcd95ccfce9a9e-fccfd489}\PROGRAM FILES\GOOGLE\CHROME\APPLICATION\CHROME.EXE
2026-05-01 11:05:42,\VOLUME{01dcd95ccfce9a9e-fccfd489}\PROGRAM FILES\GOOGLE\CHROME\APPLICATION\CHROME.EXE
2026-05-01 11:05:40,\VOLUME{01dcd95ccfce9a9e-fccfd489}\PROGRAM FILES\GOOGLE\CHROME\APPLICATION\CHROME.EXE
2026-05-01 12:20:52,\VOLUME{01dcd95ccfce9a9e-fccfd489}\PROGRAM FILES\GOOGLE\CHROME\APPLICATION\CHROME.EXE
2026-05-01 12:18:55,\VOLUME{01dcd95ccfce9a9e-fccfd489}\PROGRAM FILES\GOOGLE\CHROME\APPLICATION\CHROME.EXE
2026-05-01 12:15:30,\VOLUME{01dcd95ccfce9a9e-fccfd489}\PROGRAM FILES\GOOGLE\CHROME\APPLICATION\CHROME.EXE
2026-05-01 11:05:39,\VOLUME{01dcd95ccfce9a9e-fccfd489}\PROGRAM FILES\GOOGLE\CHROME\APPLICATION\CHROME.EXE
2026-05-01 12:20:53,\VOLUME{01dcd95ccfce9a9e-fccfd489}\PROGRAM FILES\GOOGLE\CHROME\APPLICATION\CHROME.EXE
2026-05-01 12:15:32,\VOLUME{01dcd95ccfce9a9e-fccfd489}\PROGRAM FILES\GOOGLE\CHROME\APPLICATION\CHROME.EXE
2026-05-01 12:20:52,\VOLUME{01dcd95ccfce9a9e-fccfd489}\PROGRAM FILES\GOOGLE\CHROME\APPLICATION\CHROME.EXE
2026-05-01 12:18:55,\VOLUME{01dcd95ccfce9a9e-fccfd489}\PROGRAM FILES\GOOGLE\CHROME\APPLICATION\CHROME.EXE
2026-05-01 12:15:31,\VOLUME{01dcd95ccfce9a9e-fccfd489}\PROGRAM FILES\GOOGLE\CHROME\APPLICATION\CHROME.EXE
2026-05-01 11:05:39,\VOLUME{01dcd95ccfce9a9e-fccfd489}\PROGRAM FILES\GOOGLE\CHROME\APPLICATION\CHROME.EXE
2026-05-01 12:20:53,\VOLUME{01dcd95ccfce9a9e-fccfd489}\PROGRAM FILES\GOOGLE\CHROME\APPLICATION\CHROME.EXE
2026-05-01 12:20:56,\VOLUME{01dcd95ccfce9a9e-fccfd489}\PROGRAM FILES\GOOGLE\CHROME\APPLICATION\CHROME.EXE
2026-05-01 12:18:59,\VOLUME{01dcd95ccfce9a9e-fccfd489}\PROGRAM FILES\GOOGLE\CHROME\APPLICATION\CHROME.EXE
2026-05-01 12:15:32,\VOLUME{01dcd95ccfce9a9e-fccfd489}\PROGRAM FILES\GOOGLE\CHROME\APPLICATION\CHROME.EXE
2026-05-01 11:05:56,\VOLUME{01dcd95ccfce9a9e-fccfd489}\PROGRAM FILES\GOOGLE\CHROME\APPLICATION\CHROME.EXE
2026-05-01 11:05:55,\VOLUME{01dcd95ccfce9a9e-fccfd489}\PROGRAM FILES\GOOGLE\CHROME\APPLICATION\CHROME.EXE
2026-05-01 11:05:55,\VOLUME{01dcd95ccfce9a9e-fccfd489}\PROGRAM FILES\GOOGLE\CHROME\APPLICATION\CHROME.EXE
2026-05-01 11:05:52,\VOLUME{01dcd95ccfce9a9e-fccfd489}\PROGRAM FILES\GOOGLE\CHROME\APPLICATION\CHROME.EXE
2026-05-01 12:37:55,\VOLUME{01dcd95ccfce9a9e-fccfd489}\WINDOWS\SYSTEM32\CIPHER.EXE
2026-05-01 10:53:16,\VOLUME{01dcd95ccfce9a9e-fccfd489}\WINDOWS\SYSTEM32\CLOUDEXPERIENCEHOSTBROKER.EXE
2026-05-01 10:33:07,\VOLUME{01dcd95ccfce9a9e-fccfd489}\WINDOWS\SYSTEM32\CLOUDEXPERIENCEHOSTBROKER.EXE
2026-05-01 12:06:37,\VOLUME{01dcd95ccfce9a9e-fccfd489}\WINDOWS\SYSTEM32\CMD.EXE
2026-05-01 11:55:56,\VOLUME{01dcd95ccfce9a9e-fccfd489}\WINDOWS\SYSTEM32\CMD.EXE
2026-05-01 11:06:09,\VOLUME{01dcd95ccfce9a9e-fccfd489}\WINDOWS\SYSTEM32\CMD.EXE
2026-05-01 11:01:47,\VOLUME{01dcd95ccfce9a9e-fccfd489}\WINDOWS\SYSTEM32\CMD.EXE
2026-05-01 10:55:05,\VOLUME{01dcd95ccfce9a9e-fccfd489}\WINDOWS\SYSTEM32\CMD.EXE
2026-05-01 10:52:01,\VOLUME{01dcd95ccfce9a9e-fccfd489}\WINDOWS\SYSTEM32\CMD.EXE
2026-05-01 11:01:56,\VOLUME{01dcd95ccfce9a9e-fccfd489}\WINDOWS\SYSTEM32\COMPPKGSRV.EXE
2026-05-01 11:01:56,\VOLUME{01dcd95ccfce9a9e-fccfd489}\WINDOWS\SYSTEM32\COMPPKGSRV.EXE
2026-05-01 11:01:55,\VOLUME{01dcd95ccfce9a9e-fccfd489}\WINDOWS\SYSTEM32\COMPPKGSRV.EXE
2026-05-01 11:01:53,\VOLUME{01dcd95ccfce9a9e-fccfd489}\WINDOWS\SYSTEM32\COMPPKGSRV.EXE
2026-05-01 11:01:53,\VOLUME{01dcd95ccfce9a9e-fccfd489}\WINDOWS\SYSTEM32\COMPPKGSRV.EXE
2026-05-01 11:01:52,\VOLUME{01dcd95ccfce9a9e-fccfd489}\WINDOWS\SYSTEM32\COMPPKGSRV.EXE
2026-05-01 11:01:51,\VOLUME{01dcd95ccfce9a9e-fccfd489}\WINDOWS\SYSTEM32\COMPPKGSRV.EXE
2026-05-01 11:01:51,\VOLUME{01dcd95ccfce9a9e-fccfd489}\WINDOWS\SYSTEM32\COMPPKGSRV.EXE
2026-05-01 11:01:47,\VOLUME{01dcd95ccfce9a9e-fccfd489}\PROGRAM FILES\COMMON FILES\VMWARE\DRIVERS\VSS\COMREG.EXE
2026-05-01 12:37:49,\VOLUME{01dcd95ccfce9a9e-fccfd489}\WINDOWS\SYSTEM32\CONHOST.EXE
2026-05-01 11:43:22,\VOLUME{01dcd95ccfce9a9e-fccfd489}\WINDOWS\SYSTEM32\CONHOST.EXE
2026-05-01 11:36:56,\VOLUME{01dcd95ccfce9a9e-fccfd489}\WINDOWS\SYSTEM32\CONHOST.EXE
2026-05-01 11:36:55,\VOLUME{01dcd95ccfce9a9e-fccfd489}\WINDOWS\SYSTEM32\CONHOST.EXE
2026-05-01 11:18:15,\VOLUME{01dcd95ccfce9a9e-fccfd489}\WINDOWS\SYSTEM32\CONHOST.EXE
2026-05-01 11:18:15,\VOLUME{01dcd95ccfce9a9e-fccfd489}\WINDOWS\SYSTEM32\CONHOST.EXE
2026-05-01 11:08:56,\VOLUME{01dcd95ccfce9a9e-fccfd489}\WINDOWS\SYSTEM32\CONHOST.EXE
2026-05-01 11:05:39,\VOLUME{01dcd95ccfce9a9e-fccfd489}\WINDOWS\SYSTEM32\CONHOST.EXE
2026-05-01 10:59:05,\VOLUME{01dcd95ccfce9a9e-fccfd489}\WINDOWS\SYSTEM32\CSRSS.EXE
2026-05-01 12:37:47,\VOLUME{01dcd95ccfce9a9e-fccfd489}\WINDOWS\SYSTEM32\CTFMON.EXE
2026-05-01 11:43:21,\VOLUME{01dcd95ccfce9a9e-fccfd489}\WINDOWS\SYSTEM32\CTFMON.EXE
2026-05-01 11:27:10,\VOLUME{01dcd95ccfce9a9e-fccfd489}\WINDOWS\SYSTEM32\CTFMON.EXE
2026-05-01 11:06:27,\VOLUME{01dcd95ccfce9a9e-fccfd489}\WINDOWS\SYSTEM32\CTFMON.EXE
2026-05-01 11:05:34,\VOLUME{01dcd95ccfce9a9e-fccfd489}\WINDOWS\SYSTEM32\CTFMON.EXE
2026-05-01 11:04:46,\VOLUME{01dcd95ccfce9a9e-fccfd489}\WINDOWS\SYSTEM32\CTFMON.EXE
2026-05-01 11:02:59,\VOLUME{01dcd95ccfce9a9e-fccfd489}\WINDOWS\SYSTEM32\CTFMON.EXE
2026-05-01 11:00:56,\VOLUME{01dcd95ccfce9a9e-fccfd489}\WINDOWS\SYSTEM32\CTFMON.EXE
2026-05-01 12:23:30,\VOLUME{01dcd95ccfce9a9e-fccfd489}\WINDOWS\SYSTEM32\DATAEXCHANGEHOST.EXE
2026-05-01 12:18:01,\VOLUME{01dcd95ccfce9a9e-fccfd489}\WINDOWS\SYSTEM32\DATAEXCHANGEHOST.EXE
2026-05-01 11:36:55,\VOLUME{01dcd95ccfce9a9e-fccfd489}\WINDOWS\SYSTEM32\DEFRAG.EXE
2026-05-01 11:12:59,\VOLUME{01dcd95ccfce9a9e-fccfd489}\WINDOWS\SYSTEM32\DIRECTXDATABASEUPDATER.EXE
2026-05-01 10:39:00,\VOLUME{01dcd95ccfce9a9e-fccfd489}\$WINREAGENT\SCRATCH\9244C0DD-1C54-48ED-AEDF-9599DED236FB\DISMHOST.EXE
2026-05-01 11:12:59,\VOLUME{01dcd95ccfce9a9e-fccfd489}\WINDOWS\SYSTEM32\DISM\DISMHOST.EXE
2026-05-01 11:06:27,\VOLUME{01dcd95ccfce9a9e-fccfd489}\WINDOWS\SYSTEM32\DLLHOST.EXE
2026-05-01 10:59:18,\VOLUME{01dcd95ccfce9a9e-fccfd489}\WINDOWS\SYSTEM32\DLLHOST.EXE
2026-05-01 10:30:31,\VOLUME{01dcd95ccfce9a9e-fccfd489}\WINDOWS\SYSTEM32\DLLHOST.EXE
2026-05-01 11:34:11,\VOLUME{01dcd95ccfce9a9e-fccfd489}\WINDOWS\SYSTEM32\DLLHOST.EXE
2026-05-01 11:29:23,\VOLUME{01dcd95ccfce9a9e-fccfd489}\WINDOWS\SYSTEM32\DLLHOST.EXE
2026-05-01 11:14:30,\VOLUME{01dcd95ccfce9a9e-fccfd489}\WINDOWS\SYSTEM32\DLLHOST.EXE
2026-05-01 11:03:15,\VOLUME{01dcd95ccfce9a9e-fccfd489}\WINDOWS\SYSTEM32\DLLHOST.EXE
2026-05-01 10:59:58,\VOLUME{01dcd95ccfce9a9e-fccfd489}\WINDOWS\SYSTEM32\DLLHOST.EXE
2026-05-01 10:33:48,\VOLUME{01dcd95ccfce9a9e-fccfd489}\WINDOWS\SYSTEM32\DLLHOST.EXE
2026-05-01 10:30:45,\VOLUME{01dcd95ccfce9a9e-fccfd489}\WINDOWS\SYSTEM32\DLLHOST.EXE
2026-05-01 10:51:22,\VOLUME{01dcd95ccfce9a9e-fccfd489}\WINDOWS\SYSTEM32\DLLHOST.EXE
2026-05-01 12:33:32,\VOLUME{01dcd95ccfce9a9e-fccfd489}\WINDOWS\SYSTEM32\DLLHOST.EXE
2026-05-01 12:22:19,\VOLUME{01dcd95ccfce9a9e-fccfd489}\WINDOWS\SYSTEM32\DLLHOST.EXE
2026-05-01 12:19:26,\VOLUME{01dcd95ccfce9a9e-fccfd489}\WINDOWS\SYSTEM32\DLLHOST.EXE
2026-05-01 12:16:10,\VOLUME{01dcd95ccfce9a9e-fccfd489}\WINDOWS\SYSTEM32\DLLHOST.EXE
2026-05-01 12:09:25,\VOLUME{01dcd95ccfce9a9e-fccfd489}\WINDOWS\SYSTEM32\DLLHOST.EXE
2026-05-01 12:03:22,\VOLUME{01dcd95ccfce9a9e-fccfd489}\WINDOWS\SYSTEM32\DLLHOST.EXE
2026-05-01 11:56:07,\VOLUME{01dcd95ccfce9a9e-fccfd489}\WINDOWS\SYSTEM32\DLLHOST.EXE
2026-05-01 11:34:34,\VOLUME{01dcd95ccfce9a9e-fccfd489}\WINDOWS\SYSTEM32\DLLHOST.EXE
2026-05-01 10:54:25,\VOLUME{01dcd95ccfce9a9e-fccfd489}\WINDOWS\SYSTEM32\DLLHOST.EXE
2026-05-01 10:52:59,\VOLUME{01dcd95ccfce9a9e-fccfd489}\WINDOWS\SYSTEM32\DLLHOST.EXE
2026-05-01 10:30:28,\VOLUME{01dcd95ccfce9a9e-fccfd489}\WINDOWS\SYSTEM32\DLLHOST.EXE
2026-05-01 11:01:47,\VOLUME{01dcd95ccfce9a9e-fccfd489}\WINDOWS\SYSTEM32\DLLHOST.EXE
2026-05-01 12:22:26,\VOLUME{01dcd95ccfce9a9e-fccfd489}\WINDOWS\SYSTEM32\DLLHOST.EXE
2026-05-01 12:16:51,\VOLUME{01dcd95ccfce9a9e-fccfd489}\WINDOWS\SYSTEM32\DLLHOST.EXE
2026-05-01 12:16:42,\VOLUME{01dcd95ccfce9a9e-fccfd489}\WINDOWS\SYSTEM32\DLLHOST.EXE
2026-05-01 12:10:58,\VOLUME{01dcd95ccfce9a9e-fccfd489}\WINDOWS\SYSTEM32\DLLHOST.EXE
2026-05-01 11:54:28,\VOLUME{01dcd95ccfce9a9e-fccfd489}\WINDOWS\SYSTEM32\DLLHOST.EXE
2026-05-01 10:51:26,\VOLUME{01dcd95ccfce9a9e-fccfd489}\WINDOWS\SYSTEM32\DLLHOST.EXE
2026-05-01 10:31:12,\VOLUME{01dcd95ccfce9a9e-fccfd489}\WINDOWS\SYSTEM32\DLLHOST.EXE
2026-05-01 11:01:04,\VOLUME{01dcd95ccfce9a9e-fccfd489}\WINDOWS\SYSTEM32\DLLHOST.EXE
2026-05-01 10:59:46,\VOLUME{01dcd95ccfce9a9e-fccfd489}\WINDOWS\SYSTEM32\DLLHOST.EXE
2026-05-01 10:55:05,\VOLUME{01dcd95ccfce9a9e-fccfd489}\WINDOWS\SYSTEM32\DLLHOST.EXE
2026-05-01 10:52:01,\VOLUME{01dcd95ccfce9a9e-fccfd489}\WINDOWS\SYSTEM32\DLLHOST.EXE
2026-05-01 12:37:47,\VOLUME{01dcd95ccfce9a9e-fccfd489}\WINDOWS\SYSTEM32\DLLHOST.EXE
2026-05-01 11:43:21,\VOLUME{01dcd95ccfce9a9e-fccfd489}\WINDOWS\SYSTEM32\DLLHOST.EXE
2026-05-01 11:42:10,\VOLUME{01dcd95ccfce9a9e-fccfd489}\WINDOWS\SYSTEM32\DLLHOST.EXE
2026-05-01 11:41:49,\VOLUME{01dcd95ccfce9a9e-fccfd489}\WINDOWS\SYSTEM32\DLLHOST.EXE
2026-05-01 11:01:36,\VOLUME{01dcd95ccfce9a9e-fccfd489}\WINDOWS\SYSTEM32\DLLHOST.EXE
2026-05-01 11:00:08,\VOLUME{01dcd95ccfce9a9e-fccfd489}\WINDOWS\SYSTEM32\DLLHOST.EXE
2026-05-01 11:02:05,\VOLUME{01dcd95ccfce9a9e-fccfd489}\WINDOWS\SYSTEM32\DLLHOST.EXE
2026-05-01 10:59:29,\VOLUME{01dcd95ccfce9a9e-fccfd489}\WINDOWS\SYSTEM32\DLLHOST.EXE
2026-05-01 10:53:27,\VOLUME{01dcd95ccfce9a9e-fccfd489}\WINDOWS\SYSTEM32\DLLHOST.EXE
2026-05-01 10:31:12,\VOLUME{01dcd95ccfce9a9e-fccfd489}\WINDOWS\SYSTEM32\DLLHOST.EXE
2026-05-01 11:01:36,\VOLUME{01dcd95ccfce9a9e-fccfd489}\WINDOWS\SYSTEM32\DRVINST.EXE
2026-05-01 11:01:34,\VOLUME{01dcd95ccfce9a9e-fccfd489}\WINDOWS\SYSTEM32\DRVINST.EXE
2026-05-01 11:01:33,\VOLUME{01dcd95ccfce9a9e-fccfd489}\WINDOWS\SYSTEM32\DRVINST.EXE
2026-05-01 11:01:30,\VOLUME{01dcd95ccfce9a9e-fccfd489}\WINDOWS\SYSTEM32\DRVINST.EXE
2026-05-01 11:01:29,\VOLUME{01dcd95ccfce9a9e-fccfd489}\WINDOWS\SYSTEM32\DRVINST.EXE
2026-05-01 10:33:55,\VOLUME{01dcd95ccfce9a9e-fccfd489}\WINDOWS\SYSTEM32\DRVINST.EXE
2026-05-01 10:33:54,\VOLUME{01dcd95ccfce9a9e-fccfd489}\WINDOWS\SYSTEM32\DRVINST.EXE
2026-05-01 10:33:54,\VOLUME{01dcd95ccfce9a9e-fccfd489}\WINDOWS\SYSTEM32\DRVINST.EXE
2026-05-01 10:32:18,\VOLUME{01dcd95ccfce9a9e-fccfd489}\WINDOWS\SYSTEM32\DSMUSERTASK.EXE
2026-05-01 10:59:05,\VOLUME{01dcd95ccfce9a9e-fccfd489}\WINDOWS\SYSTEM32\DWM.EXE
2026-05-01 12:20:52,\VOLUME{01dcd95ccfce9a9e-fccfd489}\PROGRAM FILES\GOOGLE\CHROME\APPLICATION\147.0.7727.138\ELEVATION_SERVICE.EXE
2026-05-01 12:18:55,\VOLUME{01dcd95ccfce9a9e-fccfd489}\PROGRAM FILES\GOOGLE\CHROME\APPLICATION\147.0.7727.138\ELEVATION_SERVICE.EXE
2026-05-01 12:15:31,\VOLUME{01dcd95ccfce9a9e-fccfd489}\PROGRAM FILES\GOOGLE\CHROME\APPLICATION\147.0.7727.138\ELEVATION_SERVICE.EXE
2026-05-01 11:00:13,\VOLUME{01dcd95ccfce9a9e-fccfd489}\PROGRAM FILES (X86)\MICROSOFT\EDGE\APPLICATION\147.0.3912.98\ELEVATION_SERVICE.EXE
2026-05-01 11:01:42,\VOLUME{01dcd95ccfce9a9e-fccfd489}\USERS\D3VUCCI\APPDATA\LOCAL\MICROSOFT\ONEDRIVE\25.087.0506.0001\FILESYNCCONFIG.EXE
2026-05-01 10:59:05,\VOLUME{01dcd95ccfce9a9e-fccfd489}\WINDOWS\SYSTEM32\OOBE\FIRSTLOGONANIM.EXE
2026-05-01 10:59:05,\VOLUME{01dcd95ccfce9a9e-fccfd489}\WINDOWS\SYSTEM32\FONTDRVHOST.EXE
2026-05-01 10:59:47,\VOLUME{01dcd95ccfce9a9e-fccfd489}\WINDOWS\SYSTEM32\FSQUIRT.EXE
2026-05-01 12:59:19,\VOLUME{01dcd95ccfce9a9e-fccfd489}\WINDOWS\SYSTEM32\FSUTIL.EXE
2026-05-01 11:05:46,\VOLUME{01dcd95ccfce9a9e-fccfd489}\PROGRAM FILES (X86)\MICROSOFT\EDGE\APPLICATION\147.0.3912.98\IDENTITY_HELPER.EXE
2026-05-01 10:59:44,\VOLUME{01dcd95ccfce9a9e-fccfd489}\PROGRAM FILES (X86)\MICROSOFT\EDGE\APPLICATION\147.0.3912.98\IDENTITY_HELPER.EXE
2026-05-01 11:02:04,\VOLUME{01dcd95ccfce9a9e-fccfd489}\WINDOWS\SYSTEM32\LOGONUI.EXE
2026-05-01 10:59:05,\VOLUME{01dcd95ccfce9a9e-fccfd489}\WINDOWS\SYSTEM32\LOGONUI.EXE
2026-05-01 10:59:04,\VOLUME{01dcd95ccfce9a9e-fccfd489}\WINDOWS\SYSTEM32\LOGONUI.EXE
2026-05-01 10:47:59,\VOLUME{01dcd95ccfce9a9e-fccfd489}\WINDOWS\SYSTEM32\LOGONUI.EXE
2026-05-01 10:53:27,\VOLUME{01dcd95ccfce9a9e-fccfd489}\WINDOWS\SYSTEM32\LPREMOVE.EXE
2026-05-01 10:31:11,\VOLUME{01dcd95ccfce9a9e-fccfd489}\WINDOWS\SYSTEM32\LPREMOVE.EXE
2026-05-01 12:34:39,\VOLUME{01dcd95ccfce9a9e-fccfd489}\PROGRAM FILES (X86)\MICROSOFT\EDGEUPDATE\MICROSOFTEDGEUPDATE.EXE
2026-05-01 12:34:39,\VOLUME{01dcd95ccfce9a9e-fccfd489}\PROGRAM FILES (X86)\MICROSOFT\EDGEUPDATE\MICROSOFTEDGEUPDATE.EXE
2026-05-01 11:35:33,\VOLUME{01dcd95ccfce9a9e-fccfd489}\PROGRAM FILES (X86)\MICROSOFT\EDGEUPDATE\MICROSOFTEDGEUPDATE.EXE
2026-05-01 11:28:53,\VOLUME{01dcd95ccfce9a9e-fccfd489}\PROGRAM FILES (X86)\MICROSOFT\EDGEUPDATE\MICROSOFTEDGEUPDATE.EXE
2026-05-01 11:28:53,\VOLUME{01dcd95ccfce9a9e-fccfd489}\PROGRAM FILES (X86)\MICROSOFT\EDGEUPDATE\MICROSOFTEDGEUPDATE.EXE
2026-05-01 11:04:47,\VOLUME{01dcd95ccfce9a9e-fccfd489}\PROGRAM FILES (X86)\MICROSOFT\EDGEUPDATE\MICROSOFTEDGEUPDATE.EXE
2026-05-01 11:04:47,\VOLUME{01dcd95ccfce9a9e-fccfd489}\PROGRAM FILES (X86)\MICROSOFT\EDGEUPDATE\MICROSOFTEDGEUPDATE.EXE
2026-05-01 11:03:06,\VOLUME{01dcd95ccfce9a9e-fccfd489}\PROGRAM FILES (X86)\MICROSOFT\EDGEUPDATE\MICROSOFTEDGEUPDATE.EXE
2026-05-01 10:30:50,MICROSOFTEDGE_X64_147.0.3912.
2026-05-01 11:04:06,MICROSOFTEDGE_X64_147.0.3912.
2026-05-01 10:31:42,MICROSOFTEDGE_X64_147.0.3912.
2026-05-01 11:34:14,MICROSOFTSTARTFEEDPROVIDER.EX
2026-05-01 11:34:09,MICROSOFTSTARTFEEDPROVIDER.EX
2026-05-01 11:00:37,\VOLUME{01dcd95ccfce9a9e-fccfd489}\WINDOWS\UUS\PACKAGES\PREVIEW\AMD64\MONOTIFICATIONUX.EXE
2026-05-01 10:59:54,\VOLUME{01dcd95ccfce9a9e-fccfd489}\WINDOWS\UUS\PACKAGES\PREVIEW\AMD64\MONOTIFICATIONUX.EXE
2026-05-01 10:54:49,\VOLUME{01dcd95ccfce9a9e-fccfd489}\WINDOWS\UUS\PACKAGES\PREVIEW\AMD64\MONOTIFICATIONUX.EXE
2026-05-01 10:47:47,\VOLUME{01dcd95ccfce9a9e-fccfd489}\WINDOWS\UUS\PACKAGES\PREVIEW\AMD64\MONOTIFICATIONUX.EXE
2026-05-01 10:33:37,\VOLUME{01dcd95ccfce9a9e-fccfd489}\WINDOWS\UUS\PACKAGES\PREVIEW\AMD64\MONOTIFICATIONUX.EXE
2026-05-01 10:33:22,\VOLUME{01dcd95ccfce9a9e-fccfd489}\WINDOWS\UUS\PACKAGES\PREVIEW\AMD64\MONOTIFICATIONUX.EXE
2026-05-01 10:30:42,\VOLUME{01dcd95ccfce9a9e-fccfd489}\WINDOWS\UUS\PACKAGES\PREVIEW\AMD64\MONOTIFICATIONUX.EXE
2026-05-01 12:47:37,\VOLUME{01dcd95ccfce9a9e-fccfd489}\WINDOWS\UUS\PACKAGES\PREVIEW\AMD64\MOUSOCOREWORKER.EXE
2026-05-01 12:04:02,\VOLUME{01dcd95ccfce9a9e-fccfd489}\WINDOWS\UUS\PACKAGES\PREVIEW\AMD64\MOUSOCOREWORKER.EXE
2026-05-01 11:41:50,\VOLUME{01dcd95ccfce9a9e-fccfd489}\WINDOWS\UUS\PACKAGES\PREVIEW\AMD64\MOUSOCOREWORKER.EXE
2026-05-01 11:38:30,\VOLUME{01dcd95ccfce9a9e-fccfd489}\WINDOWS\UUS\PACKAGES\PREVIEW\AMD64\MOUSOCOREWORKER.EXE
2026-05-01 11:33:22,\VOLUME{01dcd95ccfce9a9e-fccfd489}\WINDOWS\UUS\PACKAGES\PREVIEW\AMD64\MOUSOCOREWORKER.EXE
2026-05-01 11:31:04,\VOLUME{01dcd95ccfce9a9e-fccfd489}\WINDOWS\UUS\PACKAGES\PREVIEW\AMD64\MOUSOCOREWORKER.EXE
2026-05-01 11:28:54,\VOLUME{01dcd95ccfce9a9e-fccfd489}\WINDOWS\UUS\PACKAGES\PREVIEW\AMD64\MOUSOCOREWORKER.EXE
2026-05-01 11:14:28,\VOLUME{01dcd95ccfce9a9e-fccfd489}\WINDOWS\UUS\PACKAGES\PREVIEW\AMD64\MOUSOCOREWORKER.EXE
2026-05-01 10:30:52,\VOLUME{01dcd95ccfce9a9e-fccfd489}\PROGRAM FILES\WINDOWS DEFENDER\MPCMDRUN.EXE
2026-05-01 11:37:08,\VOLUME{01dcd95ccfce9a9e-fccfd489}\WINDOWS\MICROSOFT.NET\FRAMEWORK64\V4.0.30319\MSCORSVW.EXE
2026-05-01 11:37:07,\VOLUME{01dcd95ccfce9a9e-fccfd489}\WINDOWS\MICROSOFT.NET\FRAMEWORK64\V4.0.30319\MSCORSVW.EXE
2026-05-01 11:37:03,\VOLUME{01dcd95ccfce9a9e-fccfd489}\WINDOWS\MICROSOFT.NET\FRAMEWORK64\V4.0.30319\MSCORSVW.EXE
2026-05-01 11:37:03,\VOLUME{01dcd95ccfce9a9e-fccfd489}\WINDOWS\MICROSOFT.NET\FRAMEWORK64\V4.0.30319\MSCORSVW.EXE
2026-05-01 11:37:02,\VOLUME{01dcd95ccfce9a9e-fccfd489}\WINDOWS\MICROSOFT.NET\FRAMEWORK64\V4.0.30319\MSCORSVW.EXE
2026-05-01 11:37:02,\VOLUME{01dcd95ccfce9a9e-fccfd489}\WINDOWS\MICROSOFT.NET\FRAMEWORK64\V4.0.30319\MSCORSVW.EXE
2026-05-01 11:37:02,\VOLUME{01dcd95ccfce9a9e-fccfd489}\WINDOWS\MICROSOFT.NET\FRAMEWORK64\V4.0.30319\MSCORSVW.EXE
2026-05-01 11:36:58,\VOLUME{01dcd95ccfce9a9e-fccfd489}\WINDOWS\MICROSOFT.NET\FRAMEWORK64\V4.0.30319\MSCORSVW.EXE
2026-05-01 11:38:14,\VOLUME{01dcd95ccfce9a9e-fccfd489}\WINDOWS\MICROSOFT.NET\FRAMEWORK\V4.0.30319\MSCORSVW.EXE
2026-05-01 11:38:14,\VOLUME{01dcd95ccfce9a9e-fccfd489}\WINDOWS\MICROSOFT.NET\FRAMEWORK\V4.0.30319\MSCORSVW.EXE
2026-05-01 11:38:10,\VOLUME{01dcd95ccfce9a9e-fccfd489}\WINDOWS\MICROSOFT.NET\FRAMEWORK\V4.0.30319\MSCORSVW.EXE
2026-05-01 11:38:09,\VOLUME{01dcd95ccfce9a9e-fccfd489}\WINDOWS\MICROSOFT.NET\FRAMEWORK\V4.0.30319\MSCORSVW.EXE
2026-05-01 11:38:06,\VOLUME{01dcd95ccfce9a9e-fccfd489}\WINDOWS\MICROSOFT.NET\FRAMEWORK\V4.0.30319\MSCORSVW.EXE
2026-05-01 11:38:06,\VOLUME{01dcd95ccfce9a9e-fccfd489}\WINDOWS\MICROSOFT.NET\FRAMEWORK\V4.0.30319\MSCORSVW.EXE
2026-05-01 11:38:06,\VOLUME{01dcd95ccfce9a9e-fccfd489}\WINDOWS\MICROSOFT.NET\FRAMEWORK\V4.0.30319\MSCORSVW.EXE
2026-05-01 11:38:05,\VOLUME{01dcd95ccfce9a9e-fccfd489}\WINDOWS\MICROSOFT.NET\FRAMEWORK\V4.0.30319\MSCORSVW.EXE
2026-05-01 11:01:47,\VOLUME{01dcd95ccfce9a9e-fccfd489}\WINDOWS\SYSTEM32\MSDTC.EXE
2026-05-01 10:59:31,\VOLUME{01dcd95ccfce9a9e-fccfd489}\PROGRAM FILES (X86)\MICROSOFT\EDGE\APPLICATION\MSEDGE.EXE
2026-05-01 10:59:32,\VOLUME{01dcd95ccfce9a9e-fccfd489}\PROGRAM FILES (X86)\MICROSOFT\EDGE\APPLICATION\MSEDGE.EXE
2026-05-01 11:07:42,\VOLUME{01dcd95ccfce9a9e-fccfd489}\PROGRAM FILES (X86)\MICROSOFT\EDGE\APPLICATION\MSEDGE.EXE
2026-05-01 11:05:05,\VOLUME{01dcd95ccfce9a9e-fccfd489}\PROGRAM FILES (X86)\MICROSOFT\EDGE\APPLICATION\MSEDGE.EXE
2026-05-01 11:01:31,\VOLUME{01dcd95ccfce9a9e-fccfd489}\PROGRAM FILES (X86)\MICROSOFT\EDGE\APPLICATION\MSEDGE.EXE
2026-05-01 11:03:34,\VOLUME{01dcd95ccfce9a9e-fccfd489}\PROGRAM FILES (X86)\MICROSOFT\EDGE\APPLICATION\MSEDGE.EXE
2026-05-01 11:05:57,\VOLUME{01dcd95ccfce9a9e-fccfd489}\PROGRAM FILES (X86)\MICROSOFT\EDGE\APPLICATION\MSEDGE.EXE
2026-05-01 11:05:57,\VOLUME{01dcd95ccfce9a9e-fccfd489}\PROGRAM FILES (X86)\MICROSOFT\EDGE\APPLICATION\MSEDGE.EXE
2026-05-01 11:03:22,\VOLUME{01dcd95ccfce9a9e-fccfd489}\PROGRAM FILES (X86)\MICROSOFT\EDGE\APPLICATION\MSEDGE.EXE
2026-05-01 11:03:19,\VOLUME{01dcd95ccfce9a9e-fccfd489}\PROGRAM FILES (X86)\MICROSOFT\EDGE\APPLICATION\MSEDGE.EXE
2026-05-01 11:03:19,\VOLUME{01dcd95ccfce9a9e-fccfd489}\PROGRAM FILES (X86)\MICROSOFT\EDGE\APPLICATION\MSEDGE.EXE
2026-05-01 11:03:17,\VOLUME{01dcd95ccfce9a9e-fccfd489}\PROGRAM FILES (X86)\MICROSOFT\EDGE\APPLICATION\MSEDGE.EXE
2026-05-01 11:01:33,\VOLUME{01dcd95ccfce9a9e-fccfd489}\PROGRAM FILES (X86)\MICROSOFT\EDGE\APPLICATION\MSEDGE.EXE
2026-05-01 11:00:30,\VOLUME{01dcd95ccfce9a9e-fccfd489}\PROGRAM FILES (X86)\MICROSOFT\EDGE\APPLICATION\MSEDGE.EXE
2026-05-01 11:03:59,\VOLUME{01dcd95ccfce9a9e-fccfd489}\PROGRAM FILES (X86)\MICROSOFT\EDGE\APPLICATION\MSEDGE.EXE
2026-05-01 11:01:21,\VOLUME{01dcd95ccfce9a9e-fccfd489}\PROGRAM FILES (X86)\MICROSOFT\EDGE\APPLICATION\MSEDGE.EXE
2026-05-01 11:03:29,\VOLUME{01dcd95ccfce9a9e-fccfd489}\PROGRAM FILES (X86)\MICROSOFT\EDGEWEBVIEW\APPLICATION\147.0.3912.98\MSEDGEWEBVIEW2.EXE
2026-05-01 10:59:49,\VOLUME{01dcd95ccfce9a9e-fccfd489}\PROGRAM FILES (X86)\MICROSOFT\EDGEWEBVIEW\APPLICATION\147.0.3912.98\MSEDGEWEBVIEW2.EXE
2026-05-01 10:59:17,\VOLUME{01dcd95ccfce9a9e-fccfd489}\PROGRAM FILES (X86)\MICROSOFT\EDGEWEBVIEW\APPLICATION\147.0.3912.98\MSEDGEWEBVIEW2.EXE
2026-05-01 11:03:33,\VOLUME{01dcd95ccfce9a9e-fccfd489}\PROGRAM FILES (X86)\MICROSOFT\EDGEWEBVIEW\APPLICATION\147.0.3912.98\MSEDGEWEBVIEW2.EXE
2026-05-01 11:00:13,\VOLUME{01dcd95ccfce9a9e-fccfd489}\PROGRAM FILES (X86)\MICROSOFT\EDGEWEBVIEW\APPLICATION\147.0.3912.98\MSEDGEWEBVIEW2.EXE
2026-05-01 10:59:37,\VOLUME{01dcd95ccfce9a9e-fccfd489}\PROGRAM FILES (X86)\MICROSOFT\EDGEWEBVIEW\APPLICATION\147.0.3912.98\MSEDGEWEBVIEW2.EXE
2026-05-01 10:59:17,\VOLUME{01dcd95ccfce9a9e-fccfd489}\PROGRAM FILES (X86)\MICROSOFT\EDGEWEBVIEW\APPLICATION\147.0.3912.98\MSEDGEWEBVIEW2.EXE
2026-05-01 11:29:05,\VOLUME{01dcd95ccfce9a9e-fccfd489}\PROGRAM FILES (X86)\MICROSOFT\EDGEWEBVIEW\APPLICATION\147.0.3912.98\MSEDGEWEBVIEW2.EXE
2026-05-01 11:05:30,\VOLUME{01dcd95ccfce9a9e-fccfd489}\PROGRAM FILES (X86)\MICROSOFT\EDGEWEBVIEW\APPLICATION\147.0.3912.98\MSEDGEWEBVIEW2.EXE
2026-05-01 11:01:49,\VOLUME{01dcd95ccfce9a9e-fccfd489}\PROGRAM FILES (X86)\MICROSOFT\EDGEWEBVIEW\APPLICATION\147.0.3912.98\MSEDGEWEBVIEW2.EXE
2026-05-01 11:07:49,\VOLUME{01dcd95ccfce9a9e-fccfd489}\PROGRAM FILES (X86)\MICROSOFT\EDGEWEBVIEW\APPLICATION\147.0.3912.98\MSEDGEWEBVIEW2.EXE
2026-05-01 11:07:06,\VOLUME{01dcd95ccfce9a9e-fccfd489}\PROGRAM FILES (X86)\MICROSOFT\EDGEWEBVIEW\APPLICATION\147.0.3912.98\MSEDGEWEBVIEW2.EXE
2026-05-01 11:06:28,\VOLUME{01dcd95ccfce9a9e-fccfd489}\PROGRAM FILES (X86)\MICROSOFT\EDGEWEBVIEW\APPLICATION\147.0.3912.98\MSEDGEWEBVIEW2.EXE
2026-05-01 11:05:23,\VOLUME{01dcd95ccfce9a9e-fccfd489}\PROGRAM FILES (X86)\MICROSOFT\EDGEWEBVIEW\APPLICATION\147.0.3912.98\MSEDGEWEBVIEW2.EXE
2026-05-01 11:04:58,\VOLUME{01dcd95ccfce9a9e-fccfd489}\PROGRAM FILES (X86)\MICROSOFT\EDGEWEBVIEW\APPLICATION\147.0.3912.98\MSEDGEWEBVIEW2.EXE
2026-05-01 11:04:42,\VOLUME{01dcd95ccfce9a9e-fccfd489}\PROGRAM FILES (X86)\MICROSOFT\EDGEWEBVIEW\APPLICATION\147.0.3912.98\MSEDGEWEBVIEW2.EXE
2026-05-01 11:01:52,\VOLUME{01dcd95ccfce9a9e-fccfd489}\PROGRAM FILES (X86)\MICROSOFT\EDGEWEBVIEW\APPLICATION\147.0.3912.98\MSEDGEWEBVIEW2.EXE
2026-05-01 11:01:12,\VOLUME{01dcd95ccfce9a9e-fccfd489}\WINDOWS\SYSTEM32\MSIEXEC.EXE
2026-05-01 11:01:19,\VOLUME{01dcd95ccfce9a9e-fccfd489}\WINDOWS\SYSTEM32\MSIEXEC.EXE
2026-05-01 11:01:04,\VOLUME{01dcd95ccfce9a9e-fccfd489}\WINDOWS\SYSTEM32\MSIEXEC.EXE
2026-05-01 11:01:24,\VOLUME{01dcd95ccfce9a9e-fccfd489}\WINDOWS\SYSWOW64\MSIEXEC.EXE
2026-05-01 10:59:55,\VOLUME{01dcd95ccfce9a9e-fccfd489}\PROGRAM FILES\WINDOWSAPPS\MICROSOFT.PAINT_11.2412.295.0_X64__8WEKYB3D8BBWE\PAINTAPP\MSPAINT.EXE
2026-05-01 11:38:27,\VOLUME{01dcd95ccfce9a9e-fccfd489}\WINDOWS\MICROSOFT.NET\FRAMEWORK\V4.0.30319\NGEN.EXE
2026-05-01 11:38:27,\VOLUME{01dcd95ccfce9a9e-fccfd489}\WINDOWS\MICROSOFT.NET\FRAMEWORK\V4.0.30319\NGEN.EXE
2026-05-01 11:38:27,\VOLUME{01dcd95ccfce9a9e-fccfd489}\WINDOWS\MICROSOFT.NET\FRAMEWORK\V4.0.30319\NGEN.EXE
2026-05-01 11:38:27,\VOLUME{01dcd95ccfce9a9e-fccfd489}\WINDOWS\MICROSOFT.NET\FRAMEWORK\V4.0.30319\NGEN.EXE
2026-05-01 11:38:27,\VOLUME{01dcd95ccfce9a9e-fccfd489}\WINDOWS\MICROSOFT.NET\FRAMEWORK\V4.0.30319\NGEN.EXE
2026-05-01 11:38:27,\VOLUME{01dcd95ccfce9a9e-fccfd489}\WINDOWS\MICROSOFT.NET\FRAMEWORK\V4.0.30319\NGEN.EXE
2026-05-01 11:38:27,\VOLUME{01dcd95ccfce9a9e-fccfd489}\WINDOWS\MICROSOFT.NET\FRAMEWORK\V4.0.30319\NGEN.EXE
2026-05-01 11:38:27,\VOLUME{01dcd95ccfce9a9e-fccfd489}\WINDOWS\MICROSOFT.NET\FRAMEWORK\V4.0.30319\NGEN.EXE
2026-05-01 11:38:27,\VOLUME{01dcd95ccfce9a9e-fccfd489}\WINDOWS\MICROSOFT.NET\FRAMEWORK64\V4.0.30319\NGEN.EXE
2026-05-01 11:38:27,\VOLUME{01dcd95ccfce9a9e-fccfd489}\WINDOWS\MICROSOFT.NET\FRAMEWORK64\V4.0.30319\NGEN.EXE
2026-05-01 11:38:27,\VOLUME{01dcd95ccfce9a9e-fccfd489}\WINDOWS\MICROSOFT.NET\FRAMEWORK64\V4.0.30319\NGEN.EXE
2026-05-01 11:38:27,\VOLUME{01dcd95ccfce9a9e-fccfd489}\WINDOWS\MICROSOFT.NET\FRAMEWORK64\V4.0.30319\NGEN.EXE
2026-05-01 11:38:27,\VOLUME{01dcd95ccfce9a9e-fccfd489}\WINDOWS\MICROSOFT.NET\FRAMEWORK64\V4.0.30319\NGEN.EXE
2026-05-01 11:38:27,\VOLUME{01dcd95ccfce9a9e-fccfd489}\WINDOWS\MICROSOFT.NET\FRAMEWORK64\V4.0.30319\NGEN.EXE
2026-05-01 11:38:27,\VOLUME{01dcd95ccfce9a9e-fccfd489}\WINDOWS\MICROSOFT.NET\FRAMEWORK64\V4.0.30319\NGEN.EXE
2026-05-01 11:38:27,\VOLUME{01dcd95ccfce9a9e-fccfd489}\WINDOWS\MICROSOFT.NET\FRAMEWORK64\V4.0.30319\NGEN.EXE
2026-05-01 11:36:56,\VOLUME{01dcd95ccfce9a9e-fccfd489}\WINDOWS\MICROSOFT.NET\FRAMEWORK64\V4.0.30319\NGENTASK.EXE
2026-05-01 11:36:56,\VOLUME{01dcd95ccfce9a9e-fccfd489}\WINDOWS\MICROSOFT.NET\FRAMEWORK\V4.0.30319\NGENTASK.EXE
2026-05-01 12:32:54,\VOLUME{01dcd95ccfce9a9e-fccfd489}\PROGRAM FILES\WINDOWS DEFENDER\NISSRV.EXE
2026-05-01 10:54:31,\VOLUME{01dcd95ccfce9a9e-fccfd489}\PROGRAM FILES\WINDOWS DEFENDER\NISSRV.EXE
2026-05-01 10:51:23,\VOLUME{01dcd95ccfce9a9e-fccfd489}\PROGRAM FILES\WINDOWS DEFENDER\NISSRV.EXE
2026-05-01 12:22:46,\VOLUME{01dcd95ccfce9a9e-fccfd489}\PROGRAM FILES\WINDOWSAPPS\MICROSOFT.WINDOWSNOTEPAD_11.2512.29.0_X64__8WEKYB3D8BBWE\NOTEPAD\NOTEPAD.EXE
2026-05-01 12:18:26,\VOLUME{01dcd95ccfce9a9e-fccfd489}\PROGRAM FILES\WINDOWSAPPS\MICROSOFT.WINDOWSNOTEPAD_11.2512.29.0_X64__8WEKYB3D8BBWE\NOTEPAD\NOTEPAD.EXE
2026-05-01 12:16:57,\VOLUME{01dcd95ccfce9a9e-fccfd489}\PROGRAM FILES\WINDOWSAPPS\MICROSOFT.WINDOWSNOTEPAD_11.2512.29.0_X64__8WEKYB3D8BBWE\NOTEPAD\NOTEPAD.EXE
2026-05-01 12:16:57,\VOLUME{01dcd95ccfce9a9e-fccfd489}\PROGRAM FILES\WINDOWSAPPS\MICROSOFT.WINDOWSNOTEPAD_11.2512.29.0_X64__8WEKYB3D8BBWE\NOTEPAD\NOTEPAD.EXE
2026-05-01 12:11:14,\VOLUME{01dcd95ccfce9a9e-fccfd489}\PROGRAM FILES\WINDOWSAPPS\MICROSOFT.WINDOWSNOTEPAD_11.2512.29.0_X64__8WEKYB3D8BBWE\NOTEPAD\NOTEPAD.EXE
2026-05-01 12:09:29,\VOLUME{01dcd95ccfce9a9e-fccfd489}\PROGRAM FILES\WINDOWSAPPS\MICROSOFT.WINDOWSNOTEPAD_11.2512.29.0_X64__8WEKYB3D8BBWE\NOTEPAD\NOTEPAD.EXE
2026-05-01 12:06:44,\VOLUME{01dcd95ccfce9a9e-fccfd489}\PROGRAM FILES\WINDOWSAPPS\MICROSOFT.WINDOWSNOTEPAD_11.2512.29.0_X64__8WEKYB3D8BBWE\NOTEPAD\NOTEPAD.EXE
2026-05-01 12:03:20,\VOLUME{01dcd95ccfce9a9e-fccfd489}\PROGRAM FILES\WINDOWSAPPS\MICROSOFT.WINDOWSNOTEPAD_11.2512.29.0_X64__8WEKYB3D8BBWE\NOTEPAD\NOTEPAD.EXE
2026-05-01 11:14:56,\VOLUME{01dcd95ccfce9a9e-fccfd489}\PROGRAM FILES\WINDOWSAPPS\MICROSOFT.OUTLOOKFORWINDOWS_1.2026.420.300_X64__8WEKYB3D8BBWE\OLKFULLTRUSTEXECUTOR.EXE
2026-05-01 12:33:08,\VOLUME{01dcd95ccfce9a9e-fccfd489}\USERS\D3VUCCI\APPDATA\LOCAL\MICROSOFT\ONEDRIVE\ONEDRIVE.EXE
2026-05-01 11:27:23,\VOLUME{01dcd95ccfce9a9e-fccfd489}\USERS\D3VUCCI\APPDATA\LOCAL\MICROSOFT\ONEDRIVE\ONEDRIVE.EXE
2026-05-01 11:04:08,\VOLUME{01dcd95ccfce9a9e-fccfd489}\USERS\D3VUCCI\APPDATA\LOCAL\MICROSOFT\ONEDRIVE\ONEDRIVE.EXE
2026-05-01 11:01:43,\VOLUME{01dcd95ccfce9a9e-fccfd489}\USERS\D3VUCCI\APPDATA\LOCAL\MICROSOFT\ONEDRIVE\ONEDRIVE.EXE
2026-05-01 11:01:07,\VOLUME{01dcd95ccfce9a9e-fccfd489}\WINDOWS\SYSTEM32\ONEDRIVESETUP.EXE
2026-05-01 11:00:51,\VOLUME{01dcd95ccfce9a9e-fccfd489}\WINDOWS\SYSTEM32\ONEDRIVESETUP.EXE
2026-05-01 12:20:20,\VOLUME{01dcd95ccfce9a9e-fccfd489}\WINDOWS\SYSTEM32\OPENWITH.EXE
2026-05-01 12:16:54,\VOLUME{01dcd95ccfce9a9e-fccfd489}\WINDOWS\SYSTEM32\OPENWITH.EXE
2026-05-01 12:03:17,\VOLUME{01dcd95ccfce9a9e-fccfd489}\WINDOWS\SYSTEM32\OPENWITH.EXE
2026-05-01 12:37:48,\VOLUME{01dcd95ccfce9a9e-fccfd489}\WINDOWS\SYSTEM32\WINDOWSPOWERSHELL\V1.0\POWERSHELL.EXE
2026-05-01 11:43:22,\VOLUME{01dcd95ccfce9a9e-fccfd489}\WINDOWS\SYSTEM32\WINDOWSPOWERSHELL\V1.0\POWERSHELL.EXE
2026-05-01 11:06:28,\VOLUME{01dcd95ccfce9a9e-fccfd489}\WINDOWS\SYSTEM32\WINDOWSPOWERSHELL\V1.0\POWERSHELL.EXE
2026-05-01 12:22:22,\VOLUME{01dcd95ccfce9a9e-fccfd489}\PROGRAM FILES\WINDOWSAPPS\PYTHONSOFTWAREFOUNDATION.PYTHONMANAGER_26.1.240.0_X64__QBZ5N2KFRA8P0\PYSHELLEXT.EXE
2026-05-01 12:18:24,\VOLUME{01dcd95ccfce9a9e-fccfd489}\PROGRAM FILES\WINDOWSAPPS\PYTHONSOFTWAREFOUNDATION.PYTHONMANAGER_26.1.240.0_X64__QBZ5N2KFRA8P0\PYSHELLEXT.EXE
2026-05-01 12:16:52,\VOLUME{01dcd95ccfce9a9e-fccfd489}\PROGRAM FILES\WINDOWSAPPS\PYTHONSOFTWAREFOUNDATION.PYTHONMANAGER_26.1.240.0_X64__QBZ5N2KFRA8P0\PYSHELLEXT.EXE
2026-05-01 12:18:50,\VOLUME{01dcd95ccfce9a9e-fccfd489}\USERS\D3VUCCI\APPDATA\LOCAL\PYTHON\PYTHONCORE-3.14-64\PYTHON.EXE
2026-05-01 12:18:18,\VOLUME{01dcd95ccfce9a9e-fccfd489}\USERS\D3VUCCI\APPDATA\LOCAL\PYTHON\PYTHONCORE-3.14-64\PYTHON.EXE
2026-05-01 12:16:14,\VOLUME{01dcd95ccfce9a9e-fccfd489}\USERS\D3VUCCI\APPDATA\LOCAL\PYTHON\PYTHONCORE-3.14-64\PYTHON.EXE
2026-05-01 12:18:50,\VOLUME{01dcd95ccfce9a9e-fccfd489}\PROGRAM FILES\WINDOWSAPPS\PYTHONSOFTWAREFOUNDATION.PYTHONMANAGER_26.1.240.0_X64__QBZ5N2KFRA8P0\PYTHON3.EXE
2026-05-01 12:18:18,\VOLUME{01dcd95ccfce9a9e-fccfd489}\PROGRAM FILES\WINDOWSAPPS\PYTHONSOFTWAREFOUNDATION.PYTHONMANAGER_26.1.240.0_X64__QBZ5N2KFRA8P0\PYTHON3.EXE
2026-05-01 11:12:47,\VOLUME{01dcd95ccfce9a9e-fccfd489}\WINDOWS\SYSTEM32\REG.EXE
2026-05-01 11:12:39,\VOLUME{01dcd95ccfce9a9e-fccfd489}\WINDOWS\SYSTEM32\REG.EXE
2026-05-01 11:12:28,\VOLUME{01dcd95ccfce9a9e-fccfd489}\WINDOWS\SYSTEM32\REG.EXE
2026-05-01 11:12:17,\VOLUME{01dcd95ccfce9a9e-fccfd489}\WINDOWS\SYSTEM32\REG.EXE
2026-05-01 11:11:33,\VOLUME{01dcd95ccfce9a9e-fccfd489}\WINDOWS\SYSTEM32\REG.EXE
2026-05-01 10:52:30,\VOLUME{01dcd95ccfce9a9e-fccfd489}\WINDOWS\SYSTEM32\REG.EXE
2026-05-01 10:53:35,\VOLUME{01dcd95ccfce9a9e-fccfd489}\WINDOWS\SYSWOW64\REGSVR32.EXE
2026-05-01 10:31:17,\VOLUME{01dcd95ccfce9a9e-fccfd489}\WINDOWS\SYSWOW64\REGSVR32.EXE
2026-05-01 10:31:17,\VOLUME{01dcd95ccfce9a9e-fccfd489}\WINDOWS\SYSWOW64\REGSVR32.EXE
2026-05-01 10:53:35,\VOLUME{01dcd95ccfce9a9e-fccfd489}\WINDOWS\SYSTEM32\REGSVR32.EXE
2026-05-01 10:31:17,\VOLUME{01dcd95ccfce9a9e-fccfd489}\WINDOWS\SYSTEM32\REGSVR32.EXE
2026-05-01 10:31:17,\VOLUME{01dcd95ccfce9a9e-fccfd489}\WINDOWS\SYSTEM32\REGSVR32.EXE
2026-05-01 11:00:39,\VOLUME{01dcd95ccfce9a9e-fccfd489}\WINDOWS\SYSTEM32\RUNDLL32.EXE
2026-05-01 11:01:48,\VOLUME{01dcd95ccfce9a9e-fccfd489}\WINDOWS\SYSTEM32\RUNDLL32.EXE
2026-05-01 11:01:48,\VOLUME{01dcd95ccfce9a9e-fccfd489}\WINDOWS\SYSTEM32\RUNDLL32.EXE
2026-05-01 11:54:23,\VOLUME{01dcd95ccfce9a9e-fccfd489}\WINDOWS\SYSTEM32\RUNDLL32.EXE
2026-05-01 11:05:28,\VOLUME{01dcd95ccfce9a9e-fccfd489}\WINDOWS\SYSTEM32\RUNDLL32.EXE
2026-05-01 12:37:47,\VOLUME{01dcd95ccfce9a9e-fccfd489}\WINDOWS\SYSTEM32\RUNDLL32.EXE
2026-05-01 10:30:28,\VOLUME{01dcd95ccfce9a9e-fccfd489}\WINDOWS\SYSTEM32\RUNTIMEBROKER.EXE
2026-05-01 11:00:41,\VOLUME{01dcd95ccfce9a9e-fccfd489}\WINDOWS\SYSTEM32\RUNTIMEBROKER.EXE
2026-05-01 11:14:56,\VOLUME{01dcd95ccfce9a9e-fccfd489}\WINDOWS\SYSTEM32\RUNTIMEBROKER.EXE
2026-05-01 11:27:03,\VOLUME{01dcd95ccfce9a9e-fccfd489}\WINDOWS\SYSTEM32\RUNTIMEBROKER.EXE
2026-05-01 12:47:38,\VOLUME{01dcd95ccfce9a9e-fccfd489}\WINDOWS\SYSTEM32\RUNTIMEBROKER.EXE
2026-05-01 12:36:58,\VOLUME{01dcd95ccfce9a9e-fccfd489}\WINDOWS\SYSTEM32\RUNTIMEBROKER.EXE
2026-05-01 12:21:46,\VOLUME{01dcd95ccfce9a9e-fccfd489}\WINDOWS\SYSTEM32\RUNTIMEBROKER.EXE
2026-05-01 12:04:01,\VOLUME{01dcd95ccfce9a9e-fccfd489}\WINDOWS\SYSTEM32\RUNTIMEBROKER.EXE
2026-05-01 11:44:52,\VOLUME{01dcd95ccfce9a9e-fccfd489}\WINDOWS\SYSTEM32\RUNTIMEBROKER.EXE
2026-05-01 11:38:29,\VOLUME{01dcd95ccfce9a9e-fccfd489}\WINDOWS\SYSTEM32\RUNTIMEBROKER.EXE
2026-05-01 11:33:23,\VOLUME{01dcd95ccfce9a9e-fccfd489}\WINDOWS\SYSTEM32\RUNTIMEBROKER.EXE
2026-05-01 11:31:50,\VOLUME{01dcd95ccfce9a9e-fccfd489}\WINDOWS\SYSTEM32\RUNTIMEBROKER.EXE
2026-05-01 12:57:26,\VOLUME{01dcd95ccfce9a9e-fccfd489}\WINDOWS\SYSTEM32\RUNTIMEBROKER.EXE
2026-05-01 11:28:29,\VOLUME{01dcd95ccfce9a9e-fccfd489}\WINDOWS\SYSTEM32\RUNTIMEBROKER.EXE
2026-05-01 11:03:42,\VOLUME{01dcd95ccfce9a9e-fccfd489}\WINDOWS\SYSTEM32\RUNTIMEBROKER.EXE
2026-05-01 11:04:05,\VOLUME{01dcd95ccfce9a9e-fccfd489}\WINDOWS\SYSTEM32\RUNTIMEBROKER.EXE
2026-05-01 12:32:52,\VOLUME{01dcd95ccfce9a9e-fccfd489}\WINDOWS\SYSTEM32\RUNTIMEBROKER.EXE
2026-05-01 11:03:42,\VOLUME{01dcd95ccfce9a9e-fccfd489}\WINDOWS\SYSTEM32\RUNTIMEBROKER.EXE
2026-05-01 11:06:10,\VOLUME{01dcd95ccfce9a9e-fccfd489}\WINDOWS\SYSTEM32\RUNTIMEBROKER.EXE
2026-05-01 12:15:47,\VOLUME{01dcd95ccfce9a9e-fccfd489}\WINDOWS\SYSTEM32\RUNTIMEBROKER.EXE
2026-05-01 11:16:29,\VOLUME{01dcd95ccfce9a9e-fccfd489}\WINDOWS\SYSTEM32\RUNTIMEBROKER.EXE
2026-05-01 12:04:01,\VOLUME{01dcd95ccfce9a9e-fccfd489}\WINDOWS\SYSTEM32\RUNTIMEBROKER.EXE
2026-05-01 11:44:52,\VOLUME{01dcd95ccfce9a9e-fccfd489}\WINDOWS\SYSTEM32\RUNTIMEBROKER.EXE
2026-05-01 11:38:29,\VOLUME{01dcd95ccfce9a9e-fccfd489}\WINDOWS\SYSTEM32\RUNTIMEBROKER.EXE
2026-05-01 11:33:22,\VOLUME{01dcd95ccfce9a9e-fccfd489}\WINDOWS\SYSTEM32\RUNTIMEBROKER.EXE
2026-05-01 11:31:29,\VOLUME{01dcd95ccfce9a9e-fccfd489}\WINDOWS\SYSTEM32\RUNTIMEBROKER.EXE
2026-05-01 11:17:01,\VOLUME{01dcd95ccfce9a9e-fccfd489}\WINDOWS\SYSTEM32\RUNTIMEBROKER.EXE
2026-05-01 11:07:09,\VOLUME{01dcd95ccfce9a9e-fccfd489}\WINDOWS\SYSTEM32\RUNTIMEBROKER.EXE
2026-05-01 10:40:27,\VOLUME{01dcd95ccfce9a9e-fccfd489}\WINDOWS\SYSTEM32\RUNTIMEBROKER.EXE
2026-05-01 12:32:54,\VOLUME{01dcd95ccfce9a9e-fccfd489}\WINDOWS\SYSTEM32\RUNTIMEBROKER.EXE
2026-05-01 11:27:13,\VOLUME{01dcd95ccfce9a9e-fccfd489}\WINDOWS\SYSTEM32\RUNTIMEBROKER.EXE
2026-05-01 11:03:41,\VOLUME{01dcd95ccfce9a9e-fccfd489}\WINDOWS\SYSTEM32\RUNTIMEBROKER.EXE
2026-05-01 10:59:49,\VOLUME{01dcd95ccfce9a9e-fccfd489}\WINDOWS\SYSTEM32\RUNTIMEBROKER.EXE
2026-05-01 12:43:01,\VOLUME{01dcd95ccfce9a9e-fccfd489}\WINDOWS\SYSTEM32\RUNTIMEBROKER.EXE
2026-05-01 12:16:00,\VOLUME{01dcd95ccfce9a9e-fccfd489}\WINDOWS\SYSTEM32\RUNTIMEBROKER.EXE
2026-05-01 11:00:47,\VOLUME{01dcd95ccfce9a9e-fccfd489}\WINDOWS\SYSTEM32\RUNTIMEBROKER.EXE
2026-05-01 11:03:50,\VOLUME{01dcd95ccfce9a9e-fccfd489}\WINDOWS\SYSTEM32\SDBINST.EXE
2026-05-01 11:03:08,\VOLUME{01dcd95ccfce9a9e-fccfd489}\WINDOWS\SYSTEM32\SDBINST.EXE
2026-05-01 11:03:06,\VOLUME{01dcd95ccfce9a9e-fccfd489}\WINDOWS\SYSTEM32\SDBINST.EXE
2026-05-01 12:22:30,\VOLUME{01dcd95ccfce9a9e-fccfd489}\WINDOWS\SYSTEM32\SEARCHFILTERHOST.EXE
2026-05-01 12:09:25,\VOLUME{01dcd95ccfce9a9e-fccfd489}\WINDOWS\SYSTEM32\SEARCHFILTERHOST.EXE
2026-05-01 12:03:06,\VOLUME{01dcd95ccfce9a9e-fccfd489}\WINDOWS\SYSTEM32\SEARCHFILTERHOST.EXE
2026-05-01 11:54:29,\VOLUME{01dcd95ccfce9a9e-fccfd489}\WINDOWS\SYSTEM32\SEARCHFILTERHOST.EXE
2026-05-01 11:46:03,\VOLUME{01dcd95ccfce9a9e-fccfd489}\WINDOWS\SYSTEM32\SEARCHFILTERHOST.EXE
2026-05-01 11:18:54,\VOLUME{01dcd95ccfce9a9e-fccfd489}\WINDOWS\SYSTEM32\SEARCHFILTERHOST.EXE
2026-05-01 11:14:58,\VOLUME{01dcd95ccfce9a9e-fccfd489}\WINDOWS\SYSTEM32\SEARCHFILTERHOST.EXE
2026-05-01 11:01:58,\VOLUME{01dcd95ccfce9a9e-fccfd489}\WINDOWS\SYSTEM32\SEARCHFILTERHOST.EXE
2026-05-01 11:27:02,\VOLUME{01dcd95ccfce9a9e-fccfd489}\WINDOWS\SYSTEMAPPS\MICROSOFTWINDOWS.CLIENT.CBS_CW5N1H2TXYEWY\SEARCHHOST.EXE
2026-05-01 11:03:29,\VOLUME{01dcd95ccfce9a9e-fccfd489}\WINDOWS\SYSTEMAPPS\MICROSOFTWINDOWS.CLIENT.CBS_CW5N1H2TXYEWY\SEARCHHOST.EXE
2026-05-01 10:59:47,\VOLUME{01dcd95ccfce9a9e-fccfd489}\WINDOWS\SYSTEMAPPS\MICROSOFTWINDOWS.CLIENT.CBS_CW5N1H2TXYEWY\SEARCHHOST.EXE
2026-05-01 12:22:30,\VOLUME{01dcd95ccfce9a9e-fccfd489}\WINDOWS\SYSTEM32\SEARCHPROTOCOLHOST.EXE
2026-05-01 12:16:00,\VOLUME{01dcd95ccfce9a9e-fccfd489}\WINDOWS\SYSTEM32\SEARCHPROTOCOLHOST.EXE
2026-05-01 12:09:25,\VOLUME{01dcd95ccfce9a9e-fccfd489}\WINDOWS\SYSTEM32\SEARCHPROTOCOLHOST.EXE
2026-05-01 12:03:06,\VOLUME{01dcd95ccfce9a9e-fccfd489}\WINDOWS\SYSTEM32\SEARCHPROTOCOLHOST.EXE
2026-05-01 11:54:29,\VOLUME{01dcd95ccfce9a9e-fccfd489}\WINDOWS\SYSTEM32\SEARCHPROTOCOLHOST.EXE
2026-05-01 11:46:03,\VOLUME{01dcd95ccfce9a9e-fccfd489}\WINDOWS\SYSTEM32\SEARCHPROTOCOLHOST.EXE
2026-05-01 11:34:08,\VOLUME{01dcd95ccfce9a9e-fccfd489}\WINDOWS\SYSTEM32\SEARCHPROTOCOLHOST.EXE
2026-05-01 11:18:51,\VOLUME{01dcd95ccfce9a9e-fccfd489}\WINDOWS\SYSTEM32\SEARCHPROTOCOLHOST.EXE
2026-05-01 12:43:06,\VOLUME{01dcd95ccfce9a9e-fccfd489}\WINDOWS\SYSTEM32\SECURITYHEALTHHOST.EXE
2026-05-01 12:43:06,\VOLUME{01dcd95ccfce9a9e-fccfd489}\WINDOWS\SYSTEM32\SECURITYHEALTHHOST.EXE
2026-05-01 11:37:22,\VOLUME{01dcd95ccfce9a9e-fccfd489}\WINDOWS\SYSTEM32\SECURITYHEALTHHOST.EXE
2026-05-01 11:37:22,\VOLUME{01dcd95ccfce9a9e-fccfd489}\WINDOWS\SYSTEM32\SECURITYHEALTHHOST.EXE
2026-05-01 11:13:26,\VOLUME{01dcd95ccfce9a9e-fccfd489}\WINDOWS\SYSTEM32\SECURITYHEALTHHOST.EXE
2026-05-01 11:13:26,\VOLUME{01dcd95ccfce9a9e-fccfd489}\WINDOWS\SYSTEM32\SECURITYHEALTHHOST.EXE
2026-05-01 12:33:06,\VOLUME{01dcd95ccfce9a9e-fccfd489}\WINDOWS\SYSTEM32\SECURITYHEALTHSERVICE.EXE
2026-05-01 11:27:22,\VOLUME{01dcd95ccfce9a9e-fccfd489}\WINDOWS\SYSTEM32\SECURITYHEALTHSERVICE.EXE
2026-05-01 11:03:25,\VOLUME{01dcd95ccfce9a9e-fccfd489}\WINDOWS\SYSTEM32\SECURITYHEALTHSERVICE.EXE
2026-05-01 11:00:20,\VOLUME{01dcd95ccfce9a9e-fccfd489}\WINDOWS\SYSTEM32\SECURITYHEALTHSERVICE.EXE
2026-05-01 12:33:06,\VOLUME{01dcd95ccfce9a9e-fccfd489}\WINDOWS\SYSTEM32\SECURITYHEALTHSYSTRAY.EXE
2026-05-01 11:27:22,\VOLUME{01dcd95ccfce9a9e-fccfd489}\WINDOWS\SYSTEM32\SECURITYHEALTHSYSTRAY.EXE
2026-05-01 11:03:25,\VOLUME{01dcd95ccfce9a9e-fccfd489}\WINDOWS\SYSTEM32\SECURITYHEALTHSYSTRAY.EXE
2026-05-01 11:00:20,\VOLUME{01dcd95ccfce9a9e-fccfd489}\WINDOWS\SYSTEM32\SECURITYHEALTHSYSTRAY.EXE
2026-05-01 11:05:36,\VOLUME{01dcd95ccfce9a9e-fccfd489}\WINDOWS\SYSTEMTEMP\GOOGLEUPDATER_CHROME_UNPACKER_BEGINUNZIPPING8340_1801255912\CR_25E31.TMP\SETUP.EXE
2026-05-01 11:05:33,\VOLUME{01dcd95ccfce9a9e-fccfd489}\WINDOWS\SYSTEMTEMP\GOOGLEUPDATER_CHROME_UNPACKER_BEGINUNZIPPING8340_1801255912\CR_25E31.TMP\SETUP.EXE
2026-05-01 11:05:33,\VOLUME{01dcd95ccfce9a9e-fccfd489}\WINDOWS\SYSTEMTEMP\GOOGLEUPDATER_CHROME_UNPACKER_BEGINUNZIPPING8340_1801255912\CR_25E31.TMP\SETUP.EXE
2026-05-01 11:05:36,\VOLUME{01dcd95ccfce9a9e-fccfd489}\WINDOWS\SYSTEMTEMP\GOOGLEUPDATER_CHROME_UNPACKER_BEGINUNZIPPING8340_1801255912\CR_25E31.TMP\SETUP.EXE
2026-05-01 10:31:10,\VOLUME{01dcd95ccfce9a9e-fccfd489}\PROGRAM FILES (X86)\MICROSOFT\EDGEUPDATE\INSTALL\{B023DDAF-EB7D-4BF2-B9C2-562FCBCA2241}\EDGEMITMP_B267C.TMP\SETUP.EXE
2026-05-01 10:31:09,\VOLUME{01dcd95ccfce9a9e-fccfd489}\PROGRAM FILES (X86)\MICROSOFT\EDGEUPDATE\INSTALL\{B023DDAF-EB7D-4BF2-B9C2-562FCBCA2241}\EDGEMITMP_B267C.TMP\SETUP.EXE
2026-05-01 10:30:51,\VOLUME{01dcd95ccfce9a9e-fccfd489}\PROGRAM FILES (X86)\MICROSOFT\EDGEUPDATE\INSTALL\{B023DDAF-EB7D-4BF2-B9C2-562FCBCA2241}\EDGEMITMP_B267C.TMP\SETUP.EXE
2026-05-01 10:59:45,\VOLUME{01dcd95ccfce9a9e-fccfd489}\PROGRAM FILES (X86)\MICROSOFT\EDGE\APPLICATION\147.0.3912.98\INSTALLER\SETUP.EXE
2026-05-01 10:59:45,\VOLUME{01dcd95ccfce9a9e-fccfd489}\PROGRAM FILES (X86)\MICROSOFT\EDGE\APPLICATION\147.0.3912.98\INSTALLER\SETUP.EXE
2026-05-01 10:31:09,\VOLUME{01dcd95ccfce9a9e-fccfd489}\PROGRAM FILES (X86)\MICROSOFT\EDGE\APPLICATION\147.0.3912.98\INSTALLER\SETUP.EXE
2026-05-01 10:31:09,\VOLUME{01dcd95ccfce9a9e-fccfd489}\PROGRAM FILES (X86)\MICROSOFT\EDGE\APPLICATION\147.0.3912.98\INSTALLER\SETUP.EXE
2026-05-01 11:01:00,\VOLUME{0000000000000000-2f3f32fe}\SETUP.EXE
2026-05-01 11:04:06,\VOLUME{01dcd95ccfce9a9e-fccfd489}\PROGRAM FILES (X86)\MICROSOFT\EDGEUPDATE\INSTALL\{BA445B37-2042-4966-B147-118803BB65D6}\EDGEMITMP_26450.TMP\SETUP.EXE
2026-05-01 10:31:42,\VOLUME{01dcd95ccfce9a9e-fccfd489}\PROGRAM FILES (X86)\MICROSOFT\EDGEUPDATE\INSTALL\{84186D94-B0C4-44AE-8BF0-BC4C4D72CA01}\EDGEMITMP_FFBA6.TMP\SETUP.EXE
2026-05-01 12:43:01,\VOLUME{01dcd95ccfce9a9e-fccfd489}\WINDOWS\SYSTEMAPPS\SHELLEXPERIENCEHOST_CW5N1H2TXYEWY\SHELLEXPERIENCEHOST.EXE
2026-05-01 12:16:00,\VOLUME{01dcd95ccfce9a9e-fccfd489}\WINDOWS\SYSTEMAPPS\SHELLEXPERIENCEHOST_CW5N1H2TXYEWY\SHELLEXPERIENCEHOST.EXE
2026-05-01 11:00:46,\VOLUME{01dcd95ccfce9a9e-fccfd489}\WINDOWS\SYSTEMAPPS\SHELLEXPERIENCEHOST_CW5N1H2TXYEWY\SHELLEXPERIENCEHOST.EXE
2026-05-01 10:52:30,\VOLUME{01dcd95ccfce9a9e-fccfd489}\WINDOWS\SYSTEM32\SHUTDOWN.EXE
2026-05-01 12:43:06,\VOLUME{01dcd95ccfce9a9e-fccfd489}\WINDOWS\SYSTEM32\SMARTSCREEN.EXE
2026-05-01 12:33:06,\VOLUME{01dcd95ccfce9a9e-fccfd489}\WINDOWS\SYSTEM32\SMARTSCREEN.EXE
2026-05-01 12:03:11,\VOLUME{01dcd95ccfce9a9e-fccfd489}\WINDOWS\SYSTEM32\SMARTSCREEN.EXE
2026-05-01 11:54:28,\VOLUME{01dcd95ccfce9a9e-fccfd489}\WINDOWS\SYSTEM32\SMARTSCREEN.EXE
2026-05-01 11:03:04,\VOLUME{01dcd95ccfce9a9e-fccfd489}\WINDOWS\SYSTEM32\SMARTSCREEN.EXE
2026-05-01 10:54:35,\VOLUME{01dcd95ccfce9a9e-fccfd489}\WINDOWS\SYSTEM32\SMARTSCREEN.EXE
2026-05-01 10:53:28,\VOLUME{01dcd95ccfce9a9e-fccfd489}\WINDOWS\SYSTEM32\SMARTSCREEN.EXE
2026-05-01 10:31:12,\VOLUME{01dcd95ccfce9a9e-fccfd489}\WINDOWS\SYSTEM32\SMARTSCREEN.EXE
2026-05-01 11:32:00,\VOLUME{01dcd95ccfce9a9e-fccfd489}\WINDOWS\SYSTEMAPPS\MICROSOFTWINDOWS.CLIENT.CBS_CW5N1H2TXYEWY\SOFTLANDINGTASK\SOFTLANDINGTASK.EXE
2026-05-01 10:59:47,\VOLUME{01dcd95ccfce9a9e-fccfd489}\WINDOWS\SYSTEMAPPS\MICROSOFTWINDOWS.CLIENT.CBS_CW5N1H2TXYEWY\SOFTLANDINGTASK\SOFTLANDINGTASK.EXE
2026-05-01 10:33:11,\VOLUME{01dcd95ccfce9a9e-fccfd489}\WINDOWS\SYSTEM32\SPPEXTCOMOBJ.EXE
2026-05-01 12:36:58,\VOLUME{01dcd95ccfce9a9e-fccfd489}\WINDOWS\SYSTEM32\SPPSVC.EXE
2026-05-01 12:34:39,\VOLUME{01dcd95ccfce9a9e-fccfd489}\WINDOWS\SYSTEM32\SPPSVC.EXE
2026-05-01 12:21:47,\VOLUME{01dcd95ccfce9a9e-fccfd489}\WINDOWS\SYSTEM32\SPPSVC.EXE
2026-05-01 11:40:04,\VOLUME{01dcd95ccfce9a9e-fccfd489}\WINDOWS\SYSTEM32\SPPSVC.EXE
2026-05-01 11:33:23,\VOLUME{01dcd95ccfce9a9e-fccfd489}\WINDOWS\SYSTEM32\SPPSVC.EXE
2026-05-01 11:30:29,\VOLUME{01dcd95ccfce9a9e-fccfd489}\WINDOWS\SYSTEM32\SPPSVC.EXE
2026-05-01 11:28:53,\VOLUME{01dcd95ccfce9a9e-fccfd489}\WINDOWS\SYSTEM32\SPPSVC.EXE
2026-05-01 11:04:48,\VOLUME{01dcd95ccfce9a9e-fccfd489}\WINDOWS\SYSTEM32\SPPSVC.EXE
2026-05-01 12:15:50,\VOLUME{01dcd95ccfce9a9e-fccfd489}\PROGRAM FILES\WINDOWSAPPS\MICROSOFT.WINDOWSSTORE_22603.1401.15.0_X64__8WEKYB3D8BBWE\STOREDESKTOPEXTENSION.EXE
2026-05-01 11:16:30,\VOLUME{01dcd95ccfce9a9e-fccfd489}\PROGRAM FILES\WINDOWSAPPS\MICROSOFT.WINDOWSSTORE_22603.1401.15.0_X64__8WEKYB3D8BBWE\STOREDESKTOPEXTENSION.EXE
2026-05-01 11:39:32,\VOLUME{01dcd95ccfce9a9e-fccfd489}\WINDOWS\SYSTEM32\SVCHOST.EXE
2026-05-01 12:01:53,\VOLUME{01dcd95ccfce9a9e-fccfd489}\WINDOWS\SYSTEM32\SVCHOST.EXE
2026-05-01 11:18:50,\VOLUME{01dcd95ccfce9a9e-fccfd489}\WINDOWS\SYSTEM32\SVCHOST.EXE
2026-05-01 11:09:56,\VOLUME{01dcd95ccfce9a9e-fccfd489}\WINDOWS\SYSTEM32\SVCHOST.EXE
2026-05-01 11:00:23,\VOLUME{01dcd95ccfce9a9e-fccfd489}\WINDOWS\SYSTEM32\SVCHOST.EXE
2026-05-01 10:41:28,\VOLUME{01dcd95ccfce9a9e-fccfd489}\WINDOWS\SYSTEM32\SVCHOST.EXE
2026-05-01 10:36:36,\VOLUME{01dcd95ccfce9a9e-fccfd489}\WINDOWS\SYSTEM32\SVCHOST.EXE
2026-05-01 11:01:29,\VOLUME{01dcd95ccfce9a9e-fccfd489}\WINDOWS\SYSTEM32\SVCHOST.EXE
2026-05-01 10:33:53,\VOLUME{01dcd95ccfce9a9e-fccfd489}\WINDOWS\SYSTEM32\SVCHOST.EXE
2026-05-01 10:33:25,\VOLUME{01dcd95ccfce9a9e-fccfd489}\WINDOWS\SYSTEM32\SVCHOST.EXE
2026-05-01 10:30:34,\VOLUME{01dcd95ccfce9a9e-fccfd489}\WINDOWS\SYSTEM32\SVCHOST.EXE
2026-05-01 10:59:48,\VOLUME{01dcd95ccfce9a9e-fccfd489}\WINDOWS\SYSTEM32\SVCHOST.EXE
2026-05-01 10:31:19,\VOLUME{01dcd95ccfce9a9e-fccfd489}\WINDOWS\SYSTEM32\SVCHOST.EXE
2026-05-01 10:33:25,\VOLUME{01dcd95ccfce9a9e-fccfd489}\WINDOWS\SYSTEM32\SVCHOST.EXE
2026-05-01 11:14:53,\VOLUME{01dcd95ccfce9a9e-fccfd489}\WINDOWS\SYSTEM32\SVCHOST.EXE
2026-05-01 13:01:06,\VOLUME{01dcd95ccfce9a9e-fccfd489}\WINDOWS\SYSTEM32\SVCHOST.EXE
2026-05-01 12:34:39,\VOLUME{01dcd95ccfce9a9e-fccfd489}\WINDOWS\SYSTEM32\SVCHOST.EXE
2026-05-01 11:28:53,\VOLUME{01dcd95ccfce9a9e-fccfd489}\WINDOWS\SYSTEM32\SVCHOST.EXE
2026-05-01 11:04:48,\VOLUME{01dcd95ccfce9a9e-fccfd489}\WINDOWS\SYSTEM32\SVCHOST.EXE
2026-05-01 10:56:21,\VOLUME{01dcd95ccfce9a9e-fccfd489}\WINDOWS\SYSTEM32\SVCHOST.EXE
2026-05-01 10:35:00,\VOLUME{01dcd95ccfce9a9e-fccfd489}\WINDOWS\SYSTEM32\SVCHOST.EXE
2026-05-01 10:32:11,\VOLUME{01dcd95ccfce9a9e-fccfd489}\WINDOWS\SYSTEM32\SVCHOST.EXE
2026-05-01 12:59:01,\VOLUME{01dcd95ccfce9a9e-fccfd489}\WINDOWS\SYSTEM32\SVCHOST.EXE
2026-05-01 11:12:55,\VOLUME{01dcd95ccfce9a9e-fccfd489}\WINDOWS\SYSTEM32\SVCHOST.EXE
2026-05-01 10:56:22,\VOLUME{01dcd95ccfce9a9e-fccfd489}\WINDOWS\SYSTEM32\SVCHOST.EXE
2026-05-01 10:35:01,\VOLUME{01dcd95ccfce9a9e-fccfd489}\WINDOWS\SYSTEM32\SVCHOST.EXE
2026-05-01 10:32:12,\VOLUME{01dcd95ccfce9a9e-fccfd489}\WINDOWS\SYSTEM32\SVCHOST.EXE
2026-05-01 11:03:03,\VOLUME{01dcd95ccfce9a9e-fccfd489}\WINDOWS\SYSTEM32\SVCHOST.EXE
2026-05-01 11:00:32,\VOLUME{01dcd95ccfce9a9e-fccfd489}\WINDOWS\SYSTEM32\SVCHOST.EXE
2026-05-01 10:34:55,\VOLUME{01dcd95ccfce9a9e-fccfd489}\WINDOWS\SYSTEM32\SVCHOST.EXE
2026-05-01 10:31:54,\VOLUME{01dcd95ccfce9a9e-fccfd489}\WINDOWS\SYSTEM32\SVCHOST.EXE
2026-05-01 12:47:40,\VOLUME{01dcd95ccfce9a9e-fccfd489}\WINDOWS\SYSTEM32\SVCHOST.EXE
2026-05-01 12:15:49,\VOLUME{01dcd95ccfce9a9e-fccfd489}\WINDOWS\SYSTEM32\SVCHOST.EXE
2026-05-01 11:31:06,\VOLUME{01dcd95ccfce9a9e-fccfd489}\WINDOWS\SYSTEM32\SVCHOST.EXE
2026-05-01 10:54:43,\VOLUME{01dcd95ccfce9a9e-fccfd489}\WINDOWS\SYSTEM32\SVCHOST.EXE
2026-05-01 10:53:29,\VOLUME{01dcd95ccfce9a9e-fccfd489}\WINDOWS\SYSTEM32\SVCHOST.EXE
2026-05-01 10:31:12,\VOLUME{01dcd95ccfce9a9e-fccfd489}\WINDOWS\SYSTEM32\SVCHOST.EXE
2026-05-01 12:53:46,\VOLUME{01dcd95ccfce9a9e-fccfd489}\WINDOWS\SYSTEM32\SVCHOST.EXE
2026-05-01 12:43:24,\VOLUME{01dcd95ccfce9a9e-fccfd489}\WINDOWS\SYSTEM32\SVCHOST.EXE
2026-05-01 11:54:16,\VOLUME{01dcd95ccfce9a9e-fccfd489}\WINDOWS\SYSTEM32\SVCHOST.EXE
2026-05-01 11:41:46,\VOLUME{01dcd95ccfce9a9e-fccfd489}\WINDOWS\SYSTEM32\SVCHOST.EXE
2026-05-01 12:15:47,\VOLUME{01dcd95ccfce9a9e-fccfd489}\WINDOWS\SYSTEM32\SVCHOST.EXE
2026-05-01 10:59:27,\VOLUME{01dcd95ccfce9a9e-fccfd489}\WINDOWS\SYSTEM32\SVCHOST.EXE
2026-05-01 10:54:35,\VOLUME{01dcd95ccfce9a9e-fccfd489}\WINDOWS\SYSTEM32\SVCHOST.EXE
2026-05-01 10:33:13,\VOLUME{01dcd95ccfce9a9e-fccfd489}\WINDOWS\SYSTEM32\SVCHOST.EXE
2026-05-01 12:15:52,\VOLUME{01dcd95ccfce9a9e-fccfd489}\WINDOWS\SYSTEM32\SVCHOST.EXE
2026-05-01 11:34:07,\VOLUME{01dcd95ccfce9a9e-fccfd489}\WINDOWS\SYSTEM32\SVCHOST.EXE
2026-05-01 11:14:30,\VOLUME{01dcd95ccfce9a9e-fccfd489}\WINDOWS\SYSTEM32\SVCHOST.EXE
2026-05-01 10:51:26,\VOLUME{01dcd95ccfce9a9e-fccfd489}\WINDOWS\SYSTEM32\SVCHOST.EXE
2026-05-01 12:34:40,\VOLUME{01dcd95ccfce9a9e-fccfd489}\WINDOWS\SYSTEM32\SVCHOST.EXE
2026-05-01 11:28:54,\VOLUME{01dcd95ccfce9a9e-fccfd489}\WINDOWS\SYSTEM32\SVCHOST.EXE
2026-05-01 10:54:42,\VOLUME{01dcd95ccfce9a9e-fccfd489}\WINDOWS\SYSTEM32\SVCHOST.EXE
2026-05-01 10:33:21,\VOLUME{01dcd95ccfce9a9e-fccfd489}\WINDOWS\SYSTEM32\SVCHOST.EXE
2026-05-01 10:30:39,\VOLUME{01dcd95ccfce9a9e-fccfd489}\WINDOWS\SYSTEM32\SVCHOST.EXE
2026-05-01 10:53:03,\VOLUME{01dcd95ccfce9a9e-fccfd489}\WINDOWS\SYSTEM32\SVCHOST.EXE
2026-05-01 10:51:22,\VOLUME{01dcd95ccfce9a9e-fccfd489}\WINDOWS\SYSTEM32\SVCHOST.EXE
2026-05-01 11:01:36,\VOLUME{01dcd95ccfce9a9e-fccfd489}\WINDOWS\SYSTEM32\SVCHOST.EXE
2026-05-01 12:32:51,\VOLUME{01dcd95ccfce9a9e-fccfd489}\WINDOWS\SYSTEM32\SVCHOST.EXE
2026-05-01 12:18:55,\VOLUME{01dcd95ccfce9a9e-fccfd489}\WINDOWS\SYSTEM32\SVCHOST.EXE
2026-05-01 12:15:31,\VOLUME{01dcd95ccfce9a9e-fccfd489}\WINDOWS\SYSTEM32\SVCHOST.EXE
2026-05-01 10:53:05,\VOLUME{01dcd95ccfce9a9e-fccfd489}\WINDOWS\SYSTEM32\SVCHOST.EXE
2026-05-01 10:33:12,\VOLUME{01dcd95ccfce9a9e-fccfd489}\WINDOWS\SYSTEM32\SVCHOST.EXE
2026-05-01 12:47:37,\VOLUME{01dcd95ccfce9a9e-fccfd489}\WINDOWS\SYSTEM32\SVCHOST.EXE
2026-05-01 12:04:02,\VOLUME{01dcd95ccfce9a9e-fccfd489}\WINDOWS\SYSTEM32\SVCHOST.EXE
2026-05-01 11:41:51,\VOLUME{01dcd95ccfce9a9e-fccfd489}\WINDOWS\SYSTEM32\SVCHOST.EXE
2026-05-01 11:38:30,\VOLUME{01dcd95ccfce9a9e-fccfd489}\WINDOWS\SYSTEM32\SVCHOST.EXE
2026-05-01 11:33:22,\VOLUME{01dcd95ccfce9a9e-fccfd489}\WINDOWS\SYSTEM32\SVCHOST.EXE
2026-05-01 11:31:04,\VOLUME{01dcd95ccfce9a9e-fccfd489}\WINDOWS\SYSTEM32\SVCHOST.EXE
2026-05-01 11:28:54,\VOLUME{01dcd95ccfce9a9e-fccfd489}\WINDOWS\SYSTEM32\SVCHOST.EXE
2026-05-01 11:21:04,\VOLUME{01dcd95ccfce9a9e-fccfd489}\WINDOWS\SYSTEM32\SVCHOST.EXE
2026-05-01 12:33:27,\VOLUME{01dcd95ccfce9a9e-fccfd489}\WINDOWS\SYSTEM32\SVCHOST.EXE
2026-05-01 11:27:41,\VOLUME{01dcd95ccfce9a9e-fccfd489}\WINDOWS\SYSTEM32\SVCHOST.EXE
2026-05-01 10:52:05,\VOLUME{01dcd95ccfce9a9e-fccfd489}\WINDOWS\SYSTEM32\SVCHOST.EXE
2026-05-01 10:56:22,\VOLUME{01dcd95ccfce9a9e-fccfd489}\WINDOWS\SYSTEM32\SVCHOST.EXE
2026-05-01 10:35:01,\VOLUME{01dcd95ccfce9a9e-fccfd489}\WINDOWS\SYSTEM32\SVCHOST.EXE
2026-05-01 10:32:12,\VOLUME{01dcd95ccfce9a9e-fccfd489}\WINDOWS\SYSTEM32\SVCHOST.EXE
2026-05-01 12:15:57,\VOLUME{01dcd95ccfce9a9e-fccfd489}\WINDOWS\SYSTEM32\SVCHOST.EXE
2026-05-01 11:00:06,\VOLUME{01dcd95ccfce9a9e-fccfd489}\WINDOWS\SYSTEM32\SVCHOST.EXE
2026-05-01 10:33:51,\VOLUME{01dcd95ccfce9a9e-fccfd489}\WINDOWS\SYSTEM32\SVCHOST.EXE
2026-05-01 12:36:58,\VOLUME{01dcd95ccfce9a9e-fccfd489}\WINDOWS\SYSTEM32\SVCHOST.EXE
2026-05-01 11:30:29,\VOLUME{01dcd95ccfce9a9e-fccfd489}\WINDOWS\SYSTEM32\SVCHOST.EXE
2026-05-01 10:47:54,\VOLUME{01dcd95ccfce9a9e-fccfd489}\WINDOWS\SYSTEM32\SVCHOST.EXE
2026-05-01 12:34:39,\VOLUME{01dcd95ccfce9a9e-fccfd489}\WINDOWS\SYSTEM32\SVCHOST.EXE
2026-05-01 11:01:07,\VOLUME{01dcd95ccfce9a9e-fccfd489}\WINDOWS\SYSTEM32\SVCHOST.EXE
2026-05-01 10:56:19,\VOLUME{01dcd95ccfce9a9e-fccfd489}\WINDOWS\SYSTEM32\SVCHOST.EXE
2026-05-01 10:34:55,\VOLUME{01dcd95ccfce9a9e-fccfd489}\WINDOWS\SYSTEM32\SVCHOST.EXE
2026-05-01 10:32:12,\VOLUME{01dcd95ccfce9a9e-fccfd489}\WINDOWS\SYSTEM32\SVCHOST.EXE
2026-05-01 12:32:59,\VOLUME{01dcd95ccfce9a9e-fccfd489}\WINDOWS\SYSTEM32\SVCHOST.EXE
2026-05-01 12:01:44,\VOLUME{01dcd95ccfce9a9e-fccfd489}\WINDOWS\SYSTEM32\SVCHOST.EXE
2026-05-01 11:03:03,\VOLUME{01dcd95ccfce9a9e-fccfd489}\WINDOWS\SYSTEM32\SVCHOST.EXE
2026-05-01 11:00:32,\VOLUME{01dcd95ccfce9a9e-fccfd489}\WINDOWS\SYSTEM32\SVCHOST.EXE
2026-05-01 10:34:55,\VOLUME{01dcd95ccfce9a9e-fccfd489}\WINDOWS\SYSTEM32\SVCHOST.EXE
2026-05-01 10:31:54,\VOLUME{01dcd95ccfce9a9e-fccfd489}\WINDOWS\SYSTEM32\SVCHOST.EXE
2026-05-01 11:34:09,\VOLUME{01dcd95ccfce9a9e-fccfd489}\WINDOWS\SYSTEM32\SVCHOST.EXE
2026-05-01 11:03:16,\VOLUME{01dcd95ccfce9a9e-fccfd489}\WINDOWS\SYSTEM32\SVCHOST.EXE
2026-05-01 10:42:55,\VOLUME{01dcd95ccfce9a9e-fccfd489}\WINDOWS\SYSTEM32\SVCHOST.EXE
2026-05-01 10:32:12,\VOLUME{01dcd95ccfce9a9e-fccfd489}\WINDOWS\SYSTEM32\SVCHOST.EXE
2026-05-01 12:34:39,\VOLUME{01dcd95ccfce9a9e-fccfd489}\WINDOWS\SYSTEM32\SVCHOST.EXE
2026-05-01 12:53:46,\VOLUME{01dcd95ccfce9a9e-fccfd489}\WINDOWS\SYSTEM32\SVCHOST.EXE
2026-05-01 12:43:24,\VOLUME{01dcd95ccfce9a9e-fccfd489}\WINDOWS\SYSTEM32\SVCHOST.EXE
2026-05-01 11:54:16,\VOLUME{01dcd95ccfce9a9e-fccfd489}\WINDOWS\SYSTEM32\SVCHOST.EXE
2026-05-01 11:41:46,\VOLUME{01dcd95ccfce9a9e-fccfd489}\WINDOWS\SYSTEM32\SVCHOST.EXE
2026-05-01 11:27:04,\VOLUME{01dcd95ccfce9a9e-fccfd489}\WINDOWS\SYSTEM32\SVCHOST.EXE
2026-05-01 10:59:05,\VOLUME{01dcd95ccfce9a9e-fccfd489}\WINDOWS\SYSTEM32\SVCHOST.EXE
2026-05-01 10:48:01,\VOLUME{01dcd95ccfce9a9e-fccfd489}\WINDOWS\SYSTEM32\SVCHOST.EXE
2026-05-01 12:34:39,\VOLUME{01dcd95ccfce9a9e-fccfd489}\WINDOWS\SYSTEM32\SVCHOST.EXE
2026-05-01 12:34:39,\VOLUME{01dcd95ccfce9a9e-fccfd489}\WINDOWS\SYSTEM32\SVCHOST.EXE
2026-05-01 11:34:11,\VOLUME{01dcd95ccfce9a9e-fccfd489}\WINDOWS\SYSTEM32\SVCHOST.EXE
2026-05-01 11:28:53,\VOLUME{01dcd95ccfce9a9e-fccfd489}\WINDOWS\SYSTEM32\SVCHOST.EXE
2026-05-01 11:28:53,\VOLUME{01dcd95ccfce9a9e-fccfd489}\WINDOWS\SYSTEM32\SVCHOST.EXE
2026-05-01 11:14:30,\VOLUME{01dcd95ccfce9a9e-fccfd489}\WINDOWS\SYSTEM32\SVCHOST.EXE
2026-05-01 11:04:48,\VOLUME{01dcd95ccfce9a9e-fccfd489}\WINDOWS\SYSTEM32\SVCHOST.EXE
2026-05-01 11:03:14,\VOLUME{01dcd95ccfce9a9e-fccfd489}\WINDOWS\SYSTEM32\SVCHOST.EXE
2026-05-01 12:15:31,\VOLUME{01dcd95ccfce9a9e-fccfd489}\WINDOWS\SYSTEM32\SVCHOST.EXE
2026-05-01 11:00:06,\VOLUME{01dcd95ccfce9a9e-fccfd489}\WINDOWS\SYSTEM32\SVCHOST.EXE
2026-05-01 12:15:47,\VOLUME{01dcd95ccfce9a9e-fccfd489}\WINDOWS\SYSTEM32\SVCHOST.EXE
2026-05-01 12:01:53,\VOLUME{01dcd95ccfce9a9e-fccfd489}\WINDOWS\SYSTEM32\SVCHOST.EXE
2026-05-01 11:39:29,\VOLUME{01dcd95ccfce9a9e-fccfd489}\WINDOWS\SYSTEM32\SVCHOST.EXE
2026-05-01 11:27:03,\VOLUME{01dcd95ccfce9a9e-fccfd489}\WINDOWS\SYSTEM32\SVCHOST.EXE
2026-05-01 10:47:54,\VOLUME{01dcd95ccfce9a9e-fccfd489}\WINDOWS\SYSTEM32\SVCHOST.EXE
2026-05-01 10:38:04,\VOLUME{01dcd95ccfce9a9e-fccfd489}\WINDOWS\SYSTEM32\SVCHOST.EXE
2026-05-01 12:43:24,\VOLUME{01dcd95ccfce9a9e-fccfd489}\WINDOWS\SYSTEM32\SVCHOST.EXE
2026-05-01 11:41:46,\VOLUME{01dcd95ccfce9a9e-fccfd489}\WINDOWS\SYSTEM32\SVCHOST.EXE
2026-05-01 10:30:31,\VOLUME{01dcd95ccfce9a9e-fccfd489}\WINDOWS\SYSTEM32\SVCHOST.EXE
2026-05-01 11:08:56,\VOLUME{01dcd95ccfce9a9e-fccfd489}\USERS\D3VUCCI\APPDATA\LOCAL\TEMP\SVCUTIL\SVCUTIL32.EXE
2026-05-01 12:37:47,\VOLUME{01dcd95ccfce9a9e-fccfd489}\PROGRAM FILES\COMMON FILES\MICROSOFT SHARED\INK\TABTIP.EXE
2026-05-01 11:43:21,\VOLUME{01dcd95ccfce9a9e-fccfd489}\PROGRAM FILES\COMMON FILES\MICROSOFT SHARED\INK\TABTIP.EXE
2026-05-01 11:06:27,\VOLUME{01dcd95ccfce9a9e-fccfd489}\PROGRAM FILES\COMMON FILES\MICROSOFT SHARED\INK\TABTIP.EXE
2026-05-01 11:05:34,\VOLUME{01dcd95ccfce9a9e-fccfd489}\PROGRAM FILES\COMMON FILES\MICROSOFT SHARED\INK\TABTIP.EXE
2026-05-01 11:04:46,\VOLUME{01dcd95ccfce9a9e-fccfd489}\PROGRAM FILES\COMMON FILES\MICROSOFT SHARED\INK\TABTIP.EXE
2026-05-01 11:00:56,\VOLUME{01dcd95ccfce9a9e-fccfd489}\PROGRAM FILES\COMMON FILES\MICROSOFT SHARED\INK\TABTIP.EXE
2026-05-01 10:59:29,\VOLUME{01dcd95ccfce9a9e-fccfd489}\PROGRAM FILES\COMMON FILES\MICROSOFT SHARED\INK\TABTIP.EXE
2026-05-01 12:54:33,\VOLUME{01dcd95ccfce9a9e-fccfd489}\WINDOWS\SYSTEM32\TASKHOSTW.EXE
2026-05-01 12:47:40,\VOLUME{01dcd95ccfce9a9e-fccfd489}\WINDOWS\SYSTEM32\TASKHOSTW.EXE
2026-05-01 12:42:43,\VOLUME{01dcd95ccfce9a9e-fccfd489}\WINDOWS\SYSTEM32\TASKHOSTW.EXE
2026-05-01 12:33:41,\VOLUME{01dcd95ccfce9a9e-fccfd489}\WINDOWS\SYSTEM32\TASKHOSTW.EXE
2026-05-01 12:24:16,\VOLUME{01dcd95ccfce9a9e-fccfd489}\WINDOWS\SYSTEM32\TASKHOSTW.EXE
2026-05-01 12:21:10,\VOLUME{01dcd95ccfce9a9e-fccfd489}\WINDOWS\SYSTEM32\TASKHOSTW.EXE
2026-05-01 12:08:42,\VOLUME{01dcd95ccfce9a9e-fccfd489}\WINDOWS\SYSTEM32\TASKHOSTW.EXE
2026-05-01 12:01:53,\VOLUME{01dcd95ccfce9a9e-fccfd489}\WINDOWS\SYSTEM32\TASKHOSTW.EXE
2026-05-01 10:32:19,\VOLUME{01dcd95ccfce9a9e-fccfd489}\WINDOWS\SYSTEMAPPS\MICROSOFTWINDOWS.CLIENT.CBS_CW5N1H2TXYEWY\TEXTINPUTHOST.EXE
2026-05-01 11:40:05,\VOLUME{01dcd95ccfce9a9e-fccfd489}\WINDOWS\WINSXS\AMD64_MICROSOFT-WINDOWS-SERVICINGSTACK_31BF3856AD364E35_10.0.26100.8247_NONE_A53A4F5B773E04F9\TIWORKER.EXE
2026-05-01 11:17:49,\VOLUME{01dcd95ccfce9a9e-fccfd489}\WINDOWS\WINSXS\AMD64_MICROSOFT-WINDOWS-SERVICINGSTACK_31BF3856AD364E35_10.0.26100.8247_NONE_A53A4F5B773E04F9\TIWORKER.EXE
2026-05-01 11:12:59,\VOLUME{01dcd95ccfce9a9e-fccfd489}\WINDOWS\WINSXS\AMD64_MICROSOFT-WINDOWS-SERVICINGSTACK_31BF3856AD364E35_10.0.26100.8247_NONE_A53A4F5B773E04F9\TIWORKER.EXE
2026-05-01 10:54:44,\VOLUME{01dcd95ccfce9a9e-fccfd489}\WINDOWS\WINSXS\AMD64_MICROSOFT-WINDOWS-SERVICINGSTACK_31BF3856AD364E35_10.0.26100.8247_NONE_A53A4F5B773E04F9\TIWORKER.EXE
2026-05-01 10:53:30,\VOLUME{01dcd95ccfce9a9e-fccfd489}\WINDOWS\WINSXS\AMD64_MICROSOFT-WINDOWS-SERVICINGSTACK_31BF3856AD364E35_10.0.26100.8247_NONE_A53A4F5B773E04F9\TIWORKER.EXE
2026-05-01 10:41:10,\VOLUME{01dcd95ccfce9a9e-fccfd489}\WINDOWS\WINSXS\AMD64_MICROSOFT-WINDOWS-SERVICINGSTACK_31BF3856AD364E35_10.0.26100.8247_NONE_A53A4F5B773E04F9\TIWORKER.EXE
2026-05-01 10:40:48,\VOLUME{01dcd95ccfce9a9e-fccfd489}\WINDOWS\WINSXS\AMD64_MICROSOFT-WINDOWS-SERVICINGSTACK_31BF3856AD364E35_10.0.26100.8035_NONE_A54F1C79772E807E\TIWORKER.EXE
2026-05-01 10:33:13,\VOLUME{01dcd95ccfce9a9e-fccfd489}\WINDOWS\WINSXS\AMD64_MICROSOFT-WINDOWS-SERVICINGSTACK_31BF3856AD364E35_10.0.26100.8035_NONE_A54F1C79772E807E\TIWORKER.EXE
2026-05-01 11:40:05,\VOLUME{01dcd95ccfce9a9e-fccfd489}\WINDOWS\SERVICING\TRUSTEDINSTALLER.EXE
2026-05-01 11:17:49,\VOLUME{01dcd95ccfce9a9e-fccfd489}\WINDOWS\SERVICING\TRUSTEDINSTALLER.EXE
2026-05-01 11:12:59,\VOLUME{01dcd95ccfce9a9e-fccfd489}\WINDOWS\SERVICING\TRUSTEDINSTALLER.EXE
2026-05-01 11:03:23,\VOLUME{01dcd95ccfce9a9e-fccfd489}\WINDOWS\SERVICING\TRUSTEDINSTALLER.EXE
2026-05-01 10:54:44,\VOLUME{01dcd95ccfce9a9e-fccfd489}\WINDOWS\SERVICING\TRUSTEDINSTALLER.EXE
2026-05-01 10:53:30,\VOLUME{01dcd95ccfce9a9e-fccfd489}\WINDOWS\SERVICING\TRUSTEDINSTALLER.EXE
2026-05-01 10:40:48,\VOLUME{01dcd95ccfce9a9e-fccfd489}\WINDOWS\SERVICING\TRUSTEDINSTALLER.EXE
2026-05-01 10:33:13,\VOLUME{01dcd95ccfce9a9e-fccfd489}\WINDOWS\SERVICING\TRUSTEDINSTALLER.EXE
2026-05-01 11:00:41,\VOLUME{01dcd95ccfce9a9e-fccfd489}\WINDOWS\SYSTEM32\OOBE\USEROOBEBROKER.EXE
2026-05-01 11:01:06,\VOLUME{01dcd95ccfce9a9e-fccfd489}\USERS\D3VUCCI\APPDATA\LOCAL\TEMP\{AB3D2C12-464D-4520-8DF4-4011143F05F6}~SETUP\VCREDIST_X64.EXE
2026-05-01 11:01:06,\VOLUME{01dcd95ccfce9a9e-fccfd489}\WINDOWS\TEMP\{4A498469-1C7E-42B6-AED4-C357B5FCA93F}\.CR\VCREDIST_X64.EXE
2026-05-01 11:01:03,\VOLUME{01dcd95ccfce9a9e-fccfd489}\USERS\D3VUCCI\APPDATA\LOCAL\TEMP\{AB3D2C12-464D-4520-8DF4-4011143F05F6}~SETUP\VCREDIST_X86.EXE
2026-05-01 11:01:03,\VOLUME{01dcd95ccfce9a9e-fccfd489}\WINDOWS\TEMP\{DC830C92-967A-4818-AEBC-A7B714D5F87C}\.CR\VCREDIST_X86.EXE
2026-05-01 11:01:06,\VOLUME{01dcd95ccfce9a9e-fccfd489}\WINDOWS\TEMP\{13DEBDF5-8310-4757-8E88-C11EB529F5C0}\.BE\VC_REDIST.X64.EXE
2026-05-01 11:01:04,\VOLUME{01dcd95ccfce9a9e-fccfd489}\WINDOWS\TEMP\{0BEB5CA4-D4EF-4405-9172-11207B8A5493}\.BE\VC_REDIST.X86.EXE
2026-05-01 10:38:45,\VOLUME{01dcd95ccfce9a9e-fccfd489}\WINDOWS\WINSXS\AMD64_MICROSOFT-WINDOWS-VIRTUALDISKSERVICE_31BF3856AD364E35_10.0.26100.7920_NONE_0678AE3CAADC0729\VDS.EXE
2026-05-01 10:38:45,\VOLUME{01dcd95ccfce9a9e-fccfd489}\WINDOWS\WINSXS\AMD64_MICROSOFT-WINDOWS-VIRTUALDISKSERVICE_31BF3856AD364E35_10.0.26100.7920_NONE_0678AE3CAADC0729\VDSLDR.EXE
2026-05-01 11:01:26,\VOLUME{01dcd95ccfce9a9e-fccfd489}\PROGRAM FILES\VMWARE\VMWARE TOOLS\VMWARE VGAUTH\VGAUTHSERVICE.EXE
2026-05-01 12:33:07,\VOLUME{01dcd95ccfce9a9e-fccfd489}\PROGRAM FILES\VMWARE\VMWARE TOOLS\VMTOOLSD.EXE
2026-05-01 11:27:22,\VOLUME{01dcd95ccfce9a9e-fccfd489}\PROGRAM FILES\VMWARE\VMWARE TOOLS\VMTOOLSD.EXE
2026-05-01 11:03:56,\VOLUME{01dcd95ccfce9a9e-fccfd489}\PROGRAM FILES\VMWARE\VMWARE TOOLS\VMTOOLSD.EXE
2026-05-01 11:01:46,\VOLUME{01dcd95ccfce9a9e-fccfd489}\PROGRAM FILES\VMWARE\VMWARE TOOLS\VMTOOLSD.EXE
2026-05-01 11:01:45,\VOLUME{01dcd95ccfce9a9e-fccfd489}\PROGRAM FILES\VMWARE\VMWARE TOOLS\VMTOOLSD.EXE
2026-05-01 12:59:01,\VOLUME{01dcd95ccfce9a9e-fccfd489}\WINDOWS\SYSTEM32\VSSVC.EXE
2026-05-01 11:12:55,\VOLUME{01dcd95ccfce9a9e-fccfd489}\WINDOWS\SYSTEM32\VSSVC.EXE
2026-05-01 11:03:08,\VOLUME{01dcd95ccfce9a9e-fccfd489}\WINDOWS\SYSWOW64\WERMGR.EXE
2026-05-01 11:04:23,\VOLUME{01dcd95ccfce9a9e-fccfd489}\WINDOWS\SYSTEM32\WERMGR.EXE
2026-05-01 10:41:28,\VOLUME{01dcd95ccfce9a9e-fccfd489}\WINDOWS\SYSTEM32\WERMGR.EXE
2026-05-01 10:36:36,\VOLUME{01dcd95ccfce9a9e-fccfd489}\WINDOWS\SYSTEM32\WERMGR.EXE
2026-05-01 10:31:10,\VOLUME{01dcd95ccfce9a9e-fccfd489}\WINDOWS\SYSTEM32\WERMGR.EXE
2026-05-01 11:18:26,\VOLUME{01dcd95ccfce9a9e-fccfd489}\WINDOWS\SYSTEM32\WEVTUTIL.EXE
2026-05-01 11:18:26,\VOLUME{01dcd95ccfce9a9e-fccfd489}\WINDOWS\SYSTEM32\WEVTUTIL.EXE
2026-05-01 11:18:15,\VOLUME{01dcd95ccfce9a9e-fccfd489}\WINDOWS\SYSTEM32\WEVTUTIL.EXE
2026-05-01 11:18:15,\VOLUME{01dcd95ccfce9a9e-fccfd489}\WINDOWS\SYSTEM32\WEVTUTIL.EXE
2026-05-01 11:02:02,\VOLUME{01dcd95ccfce9a9e-fccfd489}\WINDOWS\SYSTEM32\WEVTUTIL.EXE
2026-05-01 11:02:02,\VOLUME{01dcd95ccfce9a9e-fccfd489}\WINDOWS\SYSTEM32\WEVTUTIL.EXE
2026-05-01 10:32:23,\VOLUME{01dcd95ccfce9a9e-fccfd489}\WINDOWS\SYSTEM32\WEVTUTIL.EXE
2026-05-01 10:32:23,\VOLUME{01dcd95ccfce9a9e-fccfd489}\WINDOWS\SYSTEM32\WEVTUTIL.EXE
2026-05-01 10:59:20,\VOLUME{01dcd95ccfce9a9e-fccfd489}\PROGRAM FILES\WINDOWSAPPS\MICROSOFTWINDOWS.CLIENT.WEBEXPERIENCE_525.31002.150.9_X64__CW5N1H2TXYEWY\WIDGETBOARD.EXE
2026-05-01 10:51:23,\VOLUME{01dcd95ccfce9a9e-fccfd489}\PROGRAM FILES\WINDOWSAPPS\MICROSOFTWINDOWS.CLIENT.WEBEXPERIENCE_525.31002.150.9_X64__CW5N1H2TXYEWY\WIDGETBOARD.EXE
2026-05-01 11:00:24,\VOLUME{01dcd95ccfce9a9e-fccfd489}\PROGRAM FILES\WINDOWSAPPS\MICROSOFT.WIDGETSPLATFORMRUNTIME_1.6.14.0_X64__8WEKYB3D8BBWE\WIDGETSERVICE\WIDGETSERVICE.EXE
2026-05-01 10:51:24,\VOLUME{01dcd95ccfce9a9e-fccfd489}\PROGRAM FILES\WINDOWSAPPS\MICROSOFT.WIDGETSPLATFORMRUNTIME_1.6.14.0_X64__8WEKYB3D8BBWE\WIDGETSERVICE\WIDGETSERVICE.EXE
2026-05-01 12:57:34,WINDOWSPACKAGEMANAGERSERVER.E
2026-05-01 11:28:29,WINDOWSPACKAGEMANAGERSERVER.E
2026-05-01 11:06:09,\VOLUME{01dcd95ccfce9a9e-fccfd489}\PROGRAM FILES\WINDOWSAPPS\MICROSOFT.WINDOWSTERMINAL_1.18.10301.0_X64__8WEKYB3D8BBWE\WINDOWSTERMINAL.EXE
2026-05-01 10:59:05,\VOLUME{01dcd95ccfce9a9e-fccfd489}\WINDOWS\SYSTEM32\WINLOGON.EXE
2026-05-01 12:15:47,\VOLUME{01dcd95ccfce9a9e-fccfd489}\PROGRAM FILES\WINDOWSAPPS\MICROSOFT.WINDOWSSTORE_22603.1401.15.0_X64__8WEKYB3D8BBWE\WINSTORE.APP.EXE
2026-05-01 12:33:19,\VOLUME{01dcd95ccfce9a9e-fccfd489}\WINDOWS\SYSTEM32\WLRMDR.EXE
2026-05-01 11:27:34,\VOLUME{01dcd95ccfce9a9e-fccfd489}\WINDOWS\SYSTEM32\WLRMDR.EXE
2026-05-01 10:54:52,\VOLUME{01dcd95ccfce9a9e-fccfd489}\WINDOWS\SYSTEM32\WLRMDR.EXE
2026-05-01 10:53:26,\VOLUME{01dcd95ccfce9a9e-fccfd489}\WINDOWS\SYSTEM32\WLRMDR.EXE
2026-05-01 10:51:51,\VOLUME{01dcd95ccfce9a9e-fccfd489}\WINDOWS\SYSTEM32\WLRMDR.EXE
2026-05-01 10:33:26,\VOLUME{01dcd95ccfce9a9e-fccfd489}\WINDOWS\SYSTEM32\WLRMDR.EXE
2026-05-01 10:30:53,\VOLUME{01dcd95ccfce9a9e-fccfd489}\WINDOWS\SYSTEM32\WLRMDR.EXE
2026-05-01 12:36:38,\VOLUME{01dcd95ccfce9a9e-fccfd489}\WINDOWS\SYSTEM32\WBEM\WMIADAP.EXE
2026-05-01 11:30:51,\VOLUME{01dcd95ccfce9a9e-fccfd489}\WINDOWS\SYSTEM32\WBEM\WMIADAP.EXE
2026-05-01 11:06:42,\VOLUME{01dcd95ccfce9a9e-fccfd489}\WINDOWS\SYSTEM32\WBEM\WMIADAP.EXE
2026-05-01 10:58:20,\VOLUME{01dcd95ccfce9a9e-fccfd489}\WINDOWS\SYSTEM32\WBEM\WMIADAP.EXE
2026-05-01 10:36:54,\VOLUME{01dcd95ccfce9a9e-fccfd489}\WINDOWS\SYSTEM32\WBEM\WMIADAP.EXE
2026-05-01 12:35:05,\VOLUME{01dcd95ccfce9a9e-fccfd489}\WINDOWS\SYSTEM32\WBEM\WMIAPSRV.EXE
2026-05-01 12:35:04,\VOLUME{01dcd95ccfce9a9e-fccfd489}\WINDOWS\SYSTEM32\WBEM\WMIAPSRV.EXE
2026-05-01 12:33:03,\VOLUME{01dcd95ccfce9a9e-fccfd489}\WINDOWS\SYSTEM32\WBEM\WMIAPSRV.EXE
2026-05-01 11:27:17,\VOLUME{01dcd95ccfce9a9e-fccfd489}\WINDOWS\SYSTEM32\WBEM\WMIAPSRV.EXE
2026-05-01 11:03:09,\VOLUME{01dcd95ccfce9a9e-fccfd489}\WINDOWS\SYSTEM32\WBEM\WMIAPSRV.EXE
2026-05-01 10:38:30,\VOLUME{01dcd95ccfce9a9e-fccfd489}\WINDOWS\UUS\PACKAGES\PREVIEW\AMD64\WUAUCLTCORE.EXE
2026-05-01 10:33:53,\VOLUME{01dcd95ccfce9a9e-fccfd489}\WINDOWS\UUS\PACKAGES\PREVIEW\AMD64\WUAUCLTCORE.EXE
2026-05-01 10:33:54,\VOLUME{01dcd95ccfce9a9e-fccfd489}\WINDOWS\UUS\PACKAGES\PREVIEW\AMD64\WUAUCLTCORE.EXE
2026-05-01 10:33:53,\VOLUME{01dcd95ccfce9a9e-fccfd489}\WINDOWS\UUS\PACKAGES\PREVIEW\AMD64\WUAUCLTCORE.EXE
2026-05-01 10:31:52,\VOLUME{01dcd95ccfce9a9e-fccfd489}\WINDOWS\UUS\PACKAGES\PREVIEW\AMD64\WUAUCLTCORE.EXE
2026-05-01 10:31:34,\VOLUME{01dcd95ccfce9a9e-fccfd489}\WINDOWS\UUS\PACKAGES\PREVIEW\AMD64\WUAUCLTCORE.EXE
2026-05-01 10:54:25,\VOLUME{01dcd95ccfce9a9e-fccfd489}\WINDOWS\SYSTEM32\WWAHOST.EXE
